DATE,REEF,SITE,RESEARCH_SITE,BLEACHING_SURFACE_1,BLEACHING_POPULATION_1,DAMAGE_ANCHOR_1,DAMAGE_DYNAMITE_1,DAMAGE_OTHER_1,DISEASE_COLONIES_1,DISEASE_POPULATION_1,SCARS_COTS_1,SCARS_DRUPELLA_1,SCARS_UNKNOWN_1,FISHINGLINE_1,TRASH_FISHNETS_1,TRASH_GENERAL_1,RARE_ANIMALS_1,BLEACHING_SURFACE_2,BLEACHING_POPULATION_2,DAMAGE_ANCHOR_2,DAMAGE_DYNAMITE_2,DAMAGE_OTHER_2,DISEASE_COLONIES_2,DISEASE_POPULATION_2,SCARS_COTS_2,SCARS_DRUPELLA_2,SCARS_UNKNOWN_2,FISHINGLINE_2,TRASH_FISHNETS_2,TRASH_GENERAL_2,RARE_ANIMALS_2,BLEACHING_SURFACE_3,BLEACHING_POPULATION_3,DAMAGE_ANCHOR_3,DAMAGE_DYNAMITE_3,DAMAGE_OTHER_3,DISEASE_COLONIES_3,DISEASE_POPULATION_3,SCARS_COTS_3,SCARS_DRUPELLA_3,SCARS_UNKNOWN_3,FISHINGLINE_3,TRASH_FISHNETS_3,TRASH_GENERAL_3,RARE_ANIMALS_3,BLEACHING_SURFACE_4,BLEACHING_POPULATION_4,DAMAGE_ANCHOR_4,DAMAGE_DYNAMITE_4,DAMAGE_OTHER_4,DISEASE_COLONIES_4,DISEASE_POPULATION_4,SCARS_COTS_4,SCARS_DRUPELLA_4,SCARS_UNKNOWN_4,FISHINGLINE_4,TRASH_FISHNETS_4,TRASH_GENERAL_4,RARE_ANIMALS_4
25/11/2018 9:15,Amity Point,Amity Point,1,0,0,0,0,3,0,0,0,0,0,10,0,2,0,0,0,0,0,4,0,0,0,0,1,7,0,2,0,0,0,0,0,2,0,0,0,0,4,7,0,0,0,0,0,0,0,4,0,0,0,0,0,2,0,0,0
12/03/2016 10:00,Amity Point,Amity Point,1,0,0,0,0,0,0,0,0,0,0,8,0,7,0,0,0,0,0,0,0,0,0,0,0,11,0,1,0,0,0,0,0,0,0,0,0,0,0,10,0,0,0,0,0,0,0,0,0,0,0,0,0,10,0,1,0
25/11/2017 12:30,Amity Point,Amity Point,2,14,10,0,0,0,0,0,0,0,0,10,0,2,2,57,10,0,0,11,0,0,0,0,0,11,0,1,1,65,20,0,0,0,0,0,0,0,0,5,0,2,0,63,10,0,0,0,0,0,0,0,0,2,0,1,0
17/09/2016 8:55,Amity Point,Amity Point,2,0,0,0,0,1,0,0,0,0,0,7,0,2,3,0,0,0,0,0,0,0,0,0,0,4,0,0,0,40,5,0,0,0,0,0,0,0,2,5,0,0,0,0,0,0,0,1,0,0,0,0,0,3,0,1,0
8/06/2019 11:45,Amity Point,Amity Point,2,0,0,0,0,0,0,0,0,0,0,5,3,0,0,0,0,0,0,0,0,0,0,0,0,7,4,0,0,0,0,0,0,0,0,0,0,0,0,1,1,0,0,0,0,0,0,0,0,0,0,0,0,4,2,1,0
20/08/2012 10:00,Big Woody Island,Big Woody Conservation Park Zone,1,45,1,0,0,0,0,0,0,0,0,0,1,0,0,10,1,0,0,0,1,0,0,0,0,2,0,0,0,38,1,0,0,0,0,0,0,0,0,2,0,0,0,30,1,0,0,0,0,0,0,0,0,3,0,0,0
12/08/2013 11:40,Big Woody Island,Big Woody Conservation Park Zone,2,30,1,0,0,0,0,0,0,0,0,2,0,0,0,20,1,0,0,0,0,0,0,0,1,0,0,0,0,4,0,0,0,1,0,0,0,0,0,0,0,0,0,2,15,0,0,1,0,0,0,0,0,0,0,0,0
18/06/2017 14:30,Big Woody Island,Big Woody Conservation Park Zone,3,33,1,0,0,6,0,0,0,0,0,0,0,0,0,45,50,0,0,3,0,0,0,0,0,2,0,0,0,55,20,0,0,0,0,0,0,0,0,0,0,0,0,39,20,0,0,1,0,0,0,0,0,0,0,0,0
30/08/2014 10:30,Big Woody Island,Big Woody Conservation Park Zone,3,0,0,0,0,4,0,0,0,0,0,0,0,0,0,20,1,0,0,3,0,0,0,0,0,0,1,0,0,23,1,0,0,2,0,0,0,0,0,0,1,0,0,26,3,0,0,1,0,0,0,0,4,4,0,0,0
11/02/2018 7:55,Bulcock Beach,Boardwalk,1,0,0,0,0,0,0,0,0,0,0,22,0,7,0,0,0,0,0,0,0,0,0,0,0,10,1,4,0,0,0,0,0,0,0,0,0,0,0,15,2,5,0,0,0,0,0,0,0,0,0,0,0,26,1,7,0
1/02/2019 7:00,Bulcock Beach,Boardwalk,1,0,0,0,0,0,0,0,0,0,0,25,0,0,0,0,0,0,0,0,0,0,0,0,0,25,0,0,0,0,0,0,0,0,0,0,0,0,0,20,0,0,0,0,0,0,0,0,0,0,0,0,0,45,0,0,0
20/07/2019 13:05,Cook Island,Cook Island,1,10,2,0,0,0,0,0,0,0,1,0,0,0,0,28,5,0,0,0,0,0,0,0,2,0,0,0,0,25,15,0,0,2,0,0,0,0,0,0,0,0,0,33,25,0,0,3,2,0,0,0,1,0,0,0,0
21/12/2014 13:00,Currimundi Reef,Currimundi Reef,1,13,1,0,0,0,0,0,0,0,1,0,0,0,1,40,1,0,0,0,0,0,0,0,2,0,0,0,0,10,1,0,0,0,0,0,0,0,1,0,0,0,0,38,1,0,0,0,0,0,0,0,0,0,0,0,0
20/12/2009 0:00,Currimundi Reef,Currimundi Reef,1,0,0,0,0,0,1,0,0,1,0,0,0,0,0,0,0,0,0,0,1,0,0,1,1,0,0,0,0,0,0,0,0,0,2,0,0,0,0,0,0,0,0,0,0,0,0,0,2,0,0,1,0,0,0,0,0
7/05/2016 8:30,Currimundi Reef,Currimundi Reef,1,15,1,0,0,2,1,0,0,0,2,0,0,0,0,75,1,0,0,0,0,0,0,0,1,0,0,0,0,0,0,0,0,1,0,0,0,0,1,0,0,0,0,0,0,0,0,0,0,0,0,0,1,0,0,0,0
11/03/2016 14:42,Currimundi Reef,Currimundi Reef,1,55,5,0,0,1,0,0,0,0,6,0,0,0,0,54,5,0,0,1,0,0,0,0,2,0,0,0,0,25,2,0,0,0,0,0,0,0,5,0,0,0,0,10,1,0,0,0,0,0,0,0,4,0,0,0,0
9/03/2019 11:17,Currimundi Reef,Currimundi Reef,1,50,1,0,0,0,0,0,0,1,0,0,0,0,0,33,1,0,0,0,0,0,0,1,0,0,0,0,0,54,1,0,0,0,0,0,0,0,0,0,0,0,0,54,1,0,0,0,1,0,0,0,0,0,0,0,0
8/01/2012 8:30,Currimundi Reef,Currimundi Reef,1,29,5,0,0,1,0,0,0,0,1,0,0,0,0,25,10,0,0,0,0,0,0,0,2,0,0,0,0,30,10,0,0,0,0,0,0,0,0,0,0,0,0,41,15,0,0,0,1,0,0,0,0,0,0,0,0
28/01/2017 9:30,Currimundi Reef,Currimundi Reef,1,0,0,0,0,1,2,0,0,0,1,0,0,0,0,0,0,0,0,1,1,0,0,0,3,0,0,0,0,0,0,0,0,0,0,0,0,0,2,0,0,0,0,75,1,0,0,0,0,0,0,0,2,0,0,0,0
6/01/2018 8:45,Currimundi Reef,Currimundi Reef,1,49,10,0,0,0,0,0,0,0,3,0,0,0,0,77,10,0,0,0,0,0,0,0,2,0,0,0,0,35,2,0,0,0,0,0,0,0,2,0,0,0,0,81,5,0,0,0,0,0,0,0,5,0,0,0,0
8/12/2012 0:00,Currimundi Reef,Currimundi Reef,1,0,0,0,0,2,0,0,0,0,1,0,0,0,0,0,0,0,0,1,0,0,0,0,2,0,0,0,0,0,0,0,0,0,0,0,0,0,1,0,0,0,0,0,0,0,0,2,0,0,0,0,2,0,0,0,0
8/02/2014 9:09,Currimundi Reef,Currimundi Reef,1,0,0,0,0,0,0,0,0,1,0,0,0,0,0,0,0,0,0,0,0,0,0,0,1,0,0,0,0,0,0,0,0,0,0,0,0,0,1,0,0,0,0,0,0,0,0,0,0,0,0,0,1,0,0,0,0
7/05/2016 10:30,Currimundi Reef,Currimundi Reef,2,5,1,0,0,0,2,0,0,0,0,0,0,0,0,0,0,0,0,0,0,0,0,0,0,0,0,0,1,7,1,0,0,0,0,0,0,0,0,0,0,0,0,0,0,0,0,1,0,0,0,0,1,1,0,0,0
20/12/2009 0:00,Currimundi Reef,Currimundi Reef,2,0,0,0,0,0,0,0,0,1,1,0,0,0,0,0,0,0,0,0,0,0,0,1,1,0,0,0,0,0,0,0,0,0,0,0,0,0,0,0,0,0,0,0,0,0,0,0,0,0,0,1,0,0,0,0,0
6/01/2018 11:00,Currimundi Reef,Currimundi Reef,2,58,5,0,0,0,0,0,0,0,2,0,0,0,0,58,5,0,0,0,0,0,0,0,0,0,0,0,0,41,5,0,0,0,0,0,0,0,0,0,0,0,0,35,5,0,0,0,0,0,0,0,1,0,0,0,0
8/01/2012 10:30,Currimundi Reef,Currimundi Reef,2,54,5,0,0,0,1,0,0,0,1,1,0,0,0,43,10,0,0,1,1,0,0,0,1,0,0,1,0,45,5,0,0,0,1,0,0,0,0,0,0,0,0,52,5,0,0,0,2,0,0,0,1,0,0,0,0
21/12/2014 14:00,Currimundi Reef,Currimundi Reef,2,25,1,0,0,0,0,0,0,0,2,0,0,0,0,15,1,0,0,0,0,0,0,0,3,0,0,0,0,28,1,0,0,0,0,0,0,0,1,0,0,0,0,54,1,0,0,0,1,0,0,1,0,0,0,0,0
8/02/2014 11:00,Currimundi Reef,Currimundi Reef,2,0,0,0,0,0,1,0,0,0,1,0,0,1,0,0,0,0,0,0,0,0,0,0,0,0,0,0,0,0,0,0,0,0,0,0,0,0,0,0,0,0,0,0,0,0,0,0,0,0,0,0,2,0,0,0,0
11/03/2016 16:00,Currimundi Reef,Currimundi Reef,2,42,15,0,0,1,0,0,0,0,8,0,0,0,0,38,5,0,0,1,0,0,0,0,2,0,0,0,0,77,5,0,0,0,0,0,0,0,3,0,0,0,0,46,5,0,0,3,0,0,0,0,2,0,0,0,0
28/01/2017 11:00,Currimundi Reef,Currimundi Reef,2,83,1,0,0,4,0,0,0,0,3,0,0,0,0,0,0,0,0,2,0,0,0,0,2,0,0,0,0,49,1,0,0,1,0,0,0,0,1,1,0,0,0,83,1,0,0,0,0,0,0,0,2,0,0,0,0
8/12/2012 10:00,Currimundi Reef,Currimundi Reef,2,0,0,0,0,0,1,0,0,1,0,0,0,0,0,0,0,0,0,0,1,0,0,0,0,1,0,0,0,0,0,0,0,0,0,0,0,1,0,0,0,0,0,0,0,0,0,0,1,0,0,0,0,0,0,0,0
9/03/2019 10:40,Currimundi Reef,Currimundi Reef,2,23,1,0,0,0,0,0,0,1,0,0,0,0,0,57,5,0,0,0,0,0,0,0,1,0,0,0,0,54,1,0,0,0,2,0,0,0,0,0,0,0,0,51,1,0,0,0,0,0,0,0,0,0,0,0,0
9/03/2019 8:45,Currimundi Reef,Currimundi Reef,3,27,5,0,0,1,0,0,0,0,0,1,0,0,0,53,5,0,0,0,0,0,0,0,0,0,0,0,0,30,1,0,0,0,3,0,0,0,1,0,0,0,0,72,5,0,0,0,0,0,0,0,0,0,0,0,0
3/12/2007 0:00,Dead Mans Reef,Dead Mans,1,0,0,0,0,0,0,0,0,0,0,0,0,0,0,0,0,0,0,0,0,0,0,0,0,0,0,0,0,0,0,0,0,0,0,0,0,0,0,0,0,0,0,0,0,0,0,0,0,0,0,0,0,0,0,0,0
26/04/2014 7:30,Dead Mans Reef,Dead Mans,2,0,0,0,0,0,0,0,0,0,0,0,0,0,0,0,0,0,0,0,0,0,0,0,0,0,0,1,0,0,0,0,0,0,0,0,0,0,0,0,0,1,0,0,0,0,0,0,0,0,0,0,0,0,0,2,0
14/10/2012 11:15,Flat Rock Island,Shark Gulley,1,0,0,0,0,2,1,0,0,0,0,0,0,0,0,0,0,0,0,1,0,0,0,0,0,0,0,0,0,0,0,0,0,3,0,0,0,0,0,0,0,0,2,40,1,0,0,0,0,0,0,0,0,0,0,0,0
8/10/2016 9:30,Flat Rock Island,Shark Gulley,1,5,10,0,0,2,2,5,0,0,0,0,0,0,0,5,5,0,0,4,3,5,0,0,0,0,0,0,0,5,5,0,0,3,3,5,0,0,0,0,0,0,0,40,1,0,0,4,2,5,0,0,0,0,0,0,0
25/08/2018 13:30,Flat Rock Island,Shark Gulley,1,13,30,0,0,1,2,0,0,0,0,0,0,0,1,27,5,0,0,0,2,0,0,0,0,0,0,0,0,5,1,0,0,0,0,0,0,1,1,0,0,0,0,50,1,0,0,0,2,0,0,2,0,0,0,0,1
25/08/2013 11:40,Flat Rock Island,Shark Gulley,1,0,0,0,0,0,0,0,0,3,2,0,0,0,0,0,0,0,0,0,0,0,0,2,0,0,0,0,0,0,0,0,0,2,0,0,0,4,1,0,0,0,2,0,0,0,0,0,0,0,0,1,0,0,0,0,0
13/09/2015 0:00,Flat Rock Island,Shark Gulley,1,65,5,0,0,7,1,0,0,0,0,0,0,0,0,0,5,0,0,3,0,0,0,0,0,0,0,0,0,0,0,0,0,6,1,0,0,0,0,0,0,0,0,0,0,0,0,4,0,0,0,0,0,0,0,0,0
27/11/2011 12:00,Flat Rock Island,Shark Gulley,1,0,0,0,0,2,1,0,0,0,0,0,0,0,0,0,0,2,0,0,1,0,0,1,0,1,0,0,0,0,0,3,0,0,1,0,0,0,0,1,0,0,0,0,0,3,0,2,4,0,0,0,0,0,0,0,0
23/11/2014 8:00,Flat Rock Island,Shark Gulley,1,0,0,0,0,1,0,0,0,0,3,0,0,0,1,23,5,0,0,0,0,0,0,0,0,0,0,0,0,39,10,0,0,2,0,0,0,0,3,0,0,0,1,0,0,0,0,0,0,0,0,0,1,0,0,0,0
5/03/2016 14:45,Flat Rock Island,Shark Gulley,1,20,5,0,0,3,1,0,0,0,1,0,0,0,0,40,5,0,0,4,1,0,0,0,0,2,0,0,0,18,2,0,0,3,0,0,0,0,2,0,0,0,0,36,2,0,0,2,0,0,0,0,2,0,0,0,0
20/08/2009 0:00,Flat Rock Island,Shark Gulley,1,0,0,1,0,0,0,0,0,0,1,0,0,0,0,0,0,0,0,2,0,0,0,0,0,0,0,0,0,0,0,0,0,2,0,0,0,0,0,0,0,0,0,0,0,1,0,0,0,0,0,0,1,0,0,0,0
9/09/2017 12:00,Flat Rock Island,Shark Gulley,1,10,1,0,0,0,0,0,0,0,5,0,0,0,0,30,1,0,0,2,0,0,0,0,7,0,0,0,2,0,0,0,0,1,0,0,0,0,0,0,0,0,2,0,0,0,0,0,0,0,0,0,0,1,0,0,0
14/10/2012 13:00,Flat Rock Island,The Nursery,1,8,0,0,0,2,2,0,0,0,0,0,0,0,0,0,1,0,0,0,0,0,0,0,0,0,0,0,2,0,0,0,0,0,0,0,0,0,0,0,0,0,0,0,2,0,0,0,0,0,0,0,0,0,0,0,0
9/09/2017 14:30,Flat Rock Island,The Nursery,1,5,1,0,0,1,0,0,0,0,3,0,0,0,0,5,1,0,0,2,0,0,0,0,1,0,0,0,0,40,1,0,0,2,0,0,0,0,0,0,0,0,0,0,0,0,0,4,0,0,0,0,0,0,0,0,0
5/03/2016 12:45,Flat Rock Island,The Nursery,1,36,5,0,0,0,0,0,0,2,0,0,0,0,0,35,5,0,0,1,0,0,0,3,2,0,0,0,0,48,5,0,0,0,0,0,0,0,2,0,0,0,0,30,5,0,0,1,0,0,0,0,1,0,0,0,0
27/11/2011 14:00,Flat Rock Island,The Nursery,1,50,1,0,0,2,2,0,0,1,2,0,0,1,1,0,0,0,0,3,2,0,0,0,1,0,0,0,1,15,1,1,0,2,0,0,0,0,1,0,0,0,0,0,0,0,0,6,1,0,0,0,2,0,0,0,0
22/08/2010 0:00,Flat Rock Island,The Nursery,1,40,1,0,0,0,0,0,0,0,1,0,0,0,0,10,0,0,0,2,2,0,0,0,3,0,0,0,0,50,1,0,0,2,1,0,0,0,1,3,0,0,0,3,0,0,0,1,0,0,0,0,1,0,0,0,0
13/09/2015 0:00,Flat Rock Island,The Nursery,1,10,50,0,0,2,0,0,0,0,0,0,0,0,0,0,0,0,0,3,0,0,0,0,0,0,0,0,0,0,0,0,0,1,0,0,0,0,0,0,0,0,0,0,0,0,0,3,0,0,0,0,0,0,0,0,0
25/08/2013 13:30,Flat Rock Island,The Nursery,1,0,0,0,0,0,0,0,0,1,0,0,0,0,0,0,0,0,0,0,0,0,0,0,0,0,0,0,0,0,0,0,0,0,0,0,0,0,1,0,0,0,1,1,0,0,0,0,0,0,0,1,0,0,0,0,1
25/08/2018 11:00,Flat Rock Island,The Nursery,1,16,5,0,0,0,1,0,0,0,0,0,0,0,1,14,5,0,0,0,3,0,0,0,0,0,0,0,0,5,1,0,0,0,2,0,0,3,0,0,0,0,1,3,1,0,0,0,2,0,0,0,1,0,0,0,0
23/11/2014 10:00,Flat Rock Island,The Nursery,1,5,5,0,0,0,2,0,0,0,1,0,0,0,0,0,0,0,0,0,0,0,0,0,1,0,0,0,0,0,0,0,0,1,1,0,0,0,1,0,0,0,1,0,0,0,0,1,0,0,0,0,0,0,0,0,0
5/10/2008 0:00,Flat Rock Island,The Nursery,1,0,0,0,0,0,0,0,0,0,0,0,0,0,0,0,0,0,0,0,0,0,0,0,0,0,0,0,0,0,0,0,0,0,0,0,0,0,0,0,0,0,0,0,0,0,0,0,0,0,0,0,0,2,0,0,0
8/10/2016 8:00,Flat Rock Island,The Nursery,1,10,5,0,0,3,0,0,0,0,0,0,0,0,0,40,30,0,0,0,3,5,0,0,0,0,0,0,0,10,10,0,0,5,2,5,0,0,0,0,0,0,0,40,5,0,0,2,3,5,0,0,0,0,0,0,0
25/06/2009 0:00,Flat Rock Island,The Nursery,1,30,5,0,0,3,0,0,0,0,0,0,0,0,0,30,5,0,0,1,0,0,0,1,1,0,0,0,0,10,1,0,0,1,1,0,0,0,3,0,0,0,0,20,1,0,0,0,7,0,0,0,5,1,0,1,1
19/11/2011 10:00,Flinders Reef,Alden's Cave,1,5,1,0,0,1,0,0,0,1,4,0,0,0,0,12,1,0,0,0,1,0,0,0,1,1,0,0,0,5,1,0,0,0,2,0,0,0,0,0,0,0,0,5,1,0,0,3,2,0,0,0,4,0,0,0,0
20/12/2017 12:50,Flinders Reef,Alden's Cave,1,50,10,0,0,0,0,0,0,0,0,0,0,0,0,49,10,0,0,0,2,0,0,0,0,0,0,0,0,60,10,0,0,0,3,0,0,0,0,0,0,0,0,43,10,0,0,0,2,0,0,0,0,0,0,0,0
17/10/2010 0:00,Flinders Reef,Alden's Cave,1,0,0,0,0,4,6,0,0,2,6,0,0,0,0,0,0,0,0,2,3,0,0,2,3,0,0,0,0,0,0,0,0,5,5,0,0,1,3,0,0,0,0,0,0,0,0,2,3,0,0,0,2,0,0,0,0
4/01/2015 10:00,Flinders Reef,Alden's Cave,1,1,1,2,0,2,1,0,0,1,0,0,0,0,0,10,1,0,0,0,0,0,0,0,0,0,0,0,0,5,1,0,0,0,1,0,0,1,0,0,0,0,1,5,1,2,0,0,0,0,0,2,0,0,0,0,2
13/12/2015 12:00,Flinders Reef,Alden's Cave,1,32,40,0,0,0,0,0,0,0,3,0,0,0,0,33,40,0,0,0,1,0,0,0,2,0,0,0,0,36,30,0,0,1,1,0,0,0,2,0,0,0,0,27,30,0,0,0,1,0,0,0,1,0,0,0,0
14/11/2009 0:00,Flinders Reef,Alden's Cave,1,0,0,0,0,1,0,0,0,0,0,0,0,0,1,0,0,0,0,2,1,0,0,0,1,0,0,0,0,0,0,0,0,3,1,0,0,2,2,0,0,0,0,0,0,0,0,4,0,0,0,0,1,0,0,0,0
20/01/2019 12:00,Flinders Reef,Alden's Cave,1,25,20,0,0,1,0,0,0,0,3,0,0,0,0,20,10,0,0,2,0,0,0,0,0,0,0,0,0,20,10,0,0,0,0,0,0,1,2,0,0,0,0,10,10,0,0,2,0,0,0,1,1,0,0,0,0
6/11/2016 10:00,Flinders Reef,Alden's Cave,1,40,1,0,0,0,3,0,0,0,0,0,0,0,0,90,1,0,0,0,0,0,0,0,2,0,0,0,0,67,1,0,0,0,0,0,0,0,1,0,0,0,0,61,1,0,0,0,0,0,0,0,0,0,0,0,0
30/11/2008 0:00,Flinders Reef,Alden's Cave,1,60,5,0,0,0,0,0,0,0,0,0,0,1,0,15,5,0,0,0,0,0,0,0,0,0,0,1,0,0,0,0,0,0,0,0,0,1,1,0,0,0,0,0,0,0,0,0,0,0,0,0,0,0,0,0,0
6/11/2016 9:40,Flinders Reef,Alden's Cave,2,8,1,0,0,2,3,0,0,0,3,0,0,0,0,4,1,0,0,1,2,0,0,0,2,0,0,0,0,4,1,0,0,0,2,0,0,0,0,0,0,0,0,0,0,0,0,2,2,0,0,0,1,0,0,0,0
20/10/2013 10:00,Flinders Reef,Alden's Cave,2,10,1,0,0,1,0,0,0,0,0,0,0,0,0,0,1,0,0,0,0,0,0,0,3,0,0,0,0,10,1,0,0,0,0,0,0,0,1,0,0,0,0,20,1,0,0,1,0,0,0,0,0,0,0,0,0
26/05/2019 9:00,Flinders Reef,Alden's Cave,3,0,0,0,0,2,2,0,0,0,1,0,0,0,0,0,0,0,0,0,2,0,0,3,0,0,0,0,0,0,0,0,0,0,0,0,0,0,2,0,0,0,0,0,0,0,0,0,0,0,0,0,0,0,0,0,0
10/01/2016 12:00,Flinders Reef,Alden's Cave,3,30,1,0,0,0,0,0,0,0,3,0,0,0,0,0,1,0,0,0,0,0,0,0,3,0,0,0,0,3,1,0,0,0,1,0,0,0,2,0,0,0,0,50,1,0,0,0,0,0,0,0,3,0,0,0,0
6/11/2016 13:00,Flinders Reef,Nursery,1,20,1,0,0,6,0,0,0,0,1,0,0,0,0,10,5,0,0,1,0,0,0,1,2,0,0,0,0,50,1,0,0,6,0,0,0,0,2,0,0,0,0,40,2,0,0,3,0,0,0,0,3,0,0,0,0
4/01/2015 12:30,Flinders Reef,Nursery,1,14,5,0,0,3,1,0,0,0,5,0,0,0,0,22,2,0,0,3,0,0,0,0,7,0,0,0,0,25,10,0,0,4,0,0,0,0,8,0,0,0,0,14,0,0,0,2,0,0,0,0,1,0,0,0,0
10/01/2016 10:00,Flinders Reef,Nursery,1,19,1,0,0,0,0,0,0,0,0,0,0,2,0,14,1,0,0,0,0,0,0,0,0,0,0,0,1,0,0,0,0,0,1,0,0,0,0,0,0,0,0,17,1,0,0,0,0,0,0,1,2,0,0,0,2
30/11/2008 0:00,Flinders Reef,Nursery,1,60,5,0,0,0,0,0,0,0,0,0,0,1,1,15,5,0,0,0,0,0,0,0,0,0,0,1,1,0,0,0,0,0,0,0,0,0,0,0,0,0,0,0,0,0,0,0,0,0,0,0,0,0,0,0,0
19/11/2011 13:00,Flinders Reef,Nursery,1,25,1,0,0,2,0,0,0,0,0,0,0,0,0,20,1,0,0,5,0,0,0,0,0,0,0,0,0,50,2,0,0,1,0,0,0,0,2,0,0,0,0,63,1,0,0,0,0,0,0,0,0,0,0,0,0
16/09/2012 10:10,Flinders Reef,Nursery,1,34,1,0,0,1,0,0,0,0,3,0,0,0,0,25,1,0,0,1,1,0,0,0,1,0,0,0,0,52,1,0,0,0,0,0,0,0,2,0,0,0,0,0,0,0,0,1,0,0,0,0,3,1,0,0,0
2/12/2007 0:00,Flinders Reef,Nursery,1,0,0,0,0,0,0,0,0,0,0,0,0,0,0,5,1,0,0,0,0,0,0,0,0,0,0,0,0,0,0,0,0,0,0,0,0,0,0,0,0,0,0,0,0,0,0,1,0,0,0,0,0,0,0,0,0
25/07/2009 0:00,Flinders Reef,Nursery,1,0,0,0,0,0,0,0,0,0,6,0,0,0,0,0,0,0,0,0,0,0,0,0,1,0,0,0,0,0,0,0,0,3,0,0,0,0,4,0,0,0,0,0,0,0,0,0,0,0,0,0,5,0,0,0,0
8/08/2010 0:00,Flinders Reef,Nursery,1,15,1,0,0,2,1,0,0,0,2,0,0,0,1,0,0,0,0,1,0,0,0,0,2,0,0,0,2,5,1,2,0,4,0,0,0,0,1,0,0,0,1,10,5,1,0,0,0,0,0,0,2,0,0,0,2
6/11/2016 12:00,Flinders Reef,Nursery,2,4,1,0,0,2,4,0,0,0,1,0,0,0,0,0,0,0,0,2,3,0,0,0,0,0,0,0,0,0,0,0,0,1,3,0,0,0,0,0,0,0,0,0,0,0,0,0,8,0,0,0,0,0,0,0,0
13/12/2015 9:30,Flinders Reef,Nursery,2,48,10,0,0,1,0,0,0,0,0,0,0,0,0,50,5,0,0,0,0,0,0,0,4,0,0,0,0,65,20,0,0,0,1,0,0,0,2,0,0,0,0,58,50,0,0,2,0,0,0,0,0,0,0,0,0
13/11/2011 12:30,Flinders Reef,Nursery,2,0,0,0,0,3,4,0,0,0,0,0,0,0,0,0,0,0,0,0,7,0,0,0,0,0,0,0,0,0,0,0,0,2,3,0,0,0,3,1,0,0,0,0,0,0,0,0,0,0,0,0,1,0,0,0,0
20/10/2013 11:40,Flinders Reef,Nursery,2,0,0,1,0,0,0,0,0,0,2,1,0,0,3,0,0,0,0,1,0,0,0,0,1,0,0,0,0,0,0,0,0,1,0,0,0,0,0,0,0,0,1,50,5,0,0,1,0,0,0,0,3,0,0,0,2
23/10/2010 0:00,Flinders Reef,Nursery,2,0,0,0,0,2,2,0,0,1,4,0,0,0,0,0,0,2,0,4,2,0,0,0,4,0,0,0,0,0,0,6,0,3,0,0,0,0,5,0,0,0,0,0,0,0,0,0,2,0,0,0,1,0,0,0,0
11/01/2015 9:20,Flinders Reef,Nursery,2,21,10,0,0,7,2,0,0,0,0,0,0,0,0,23,10,0,0,7,1,0,0,0,3,0,0,0,0,0,0,0,0,6,0,0,0,0,2,0,0,0,0,0,0,0,0,0,0,0,0,0,0,0,0,0,0
26/05/2019 11:30,Flinders Reef,Nursery,2,0,0,0,0,1,1,0,0,1,1,1,0,0,0,0,0,0,0,1,0,0,0,3,1,0,0,0,0,10,0,0,0,0,0,0,0,4,0,0,0,0,0,0,0,0,0,0,0,0,0,0,1,0,0,0,0
27/10/2013 10:00,Flinders Reef,Nursery,3,40,7,0,0,0,0,0,0,0,4,0,0,0,0,21,3,0,0,2,1,0,0,0,7,0,0,0,0,10,5,0,0,0,0,0,0,0,0,0,0,0,0,11,1,0,0,1,1,0,0,0,5,0,0,0,0
17/10/2009 0:00,Flinders Reef,Nursery,3,0,0,0,0,3,0,0,0,0,3,1,0,0,0,0,0,0,0,2,0,0,0,0,1,0,0,0,0,0,0,0,0,0,2,0,0,0,0,0,0,0,1,0,0,0,0,7,0,0,0,0,2,0,0,0,1
16/09/2012 0:00,Flinders Reef,Nursery,3,0,0,0,0,3,0,0,0,0,0,0,0,0,0,0,0,5,0,2,0,0,0,0,0,0,0,0,0,0,0,2,0,0,0,0,0,4,0,0,0,0,0,0,0,0,0,1,0,0,0,0,0,0,0,0,0
10/01/2015 7:30,Goat Island,Goat Island East,1,76,60,0,0,2,2,0,0,0,1,4,0,0,0,56,80,0,0,3,1,0,0,0,0,1,0,0,0,85,65,0,0,1,0,0,0,0,0,0,0,0,0,100,20,0,0,1,1,0,0,0,0,1,0,1,0
16/11/2010 0:00,Goat Island,Goat Island East,1,10,2,0,0,1,3,0,0,0,1,4,0,0,0,10,2,0,0,1,1,0,0,0,4,0,0,0,0,10,3,0,0,4,0,0,0,2,0,0,0,0,0,10,1,1,0,2,0,0,0,0,1,1,0,1,0
19/11/2016 9:00,Goat Island,Goat Island East,1,14,5,0,0,5,0,0,0,0,0,0,0,0,0,5,5,0,0,8,0,0,0,0,0,0,0,0,0,70,5,0,0,2,0,0,0,0,2,0,0,0,0,90,10,0,0,2,0,0,0,0,0,0,0,0,0
17/11/2017 0:00,Goat Island,Goat Island East,1,63,3,0,0,1,0,0,0,0,2,4,0,0,0,49,3,0,0,3,0,0,0,0,0,2,0,0,0,30,3,0,0,1,0,0,0,0,1,3,1,0,0,35,3,0,0,5,0,0,0,0,0,1,0,0,0
2/02/2012 9:30,Goat Island,Goat Island East,1,25,2,0,0,1,4,0,0,0,2,2,0,1,0,41,3,0,0,1,1,0,0,0,2,0,0,0,0,48,5,0,0,2,1,0,0,0,3,2,0,0,0,53,8,0,0,4,1,0,0,0,4,0,0,0,0
27/10/2018 9:40,Goat Island,Goat Island East,1,5,1,0,0,1,0,0,0,0,9,0,0,0,0,5,0,0,0,3,0,0,0,0,7,0,0,0,0,0,0,0,0,4,0,0,0,0,8,0,0,0,0,11,10,0,0,4,0,0,0,0,2,0,0,0,0
1/11/2015 13:00,Goat Island,Goat Island East,1,45,7,2,0,3,0,0,0,0,2,0,0,0,0,38,5,1,0,0,0,0,0,0,2,0,0,0,0,83,5,0,0,1,0,0,0,0,0,0,0,0,0,30,5,2,0,5,0,0,0,0,1,0,0,0,0
20/01/2013 11:30,Goat Island,Goat Island East,1,41,1,0,0,5,0,0,0,0,0,1,0,0,0,77,1,0,0,5,0,0,0,0,0,0,0,0,0,50,0,0,0,4,0,0,0,0,0,2,1,0,0,0,0,0,0,1,0,0,0,0,0,0,0,0,0
24/11/2009 0:00,Goat Island,Goat Island East,1,0,0,0,0,0,0,0,0,0,0,0,0,0,0,0,0,0,0,0,0,0,0,0,0,0,0,0,0,0,0,0,0,8,0,0,0,0,2,0,0,0,0,50,5,0,0,5,0,0,0,0,1,0,0,0,0
19/12/2013 12:00,Goat Island,Goat Island East,1,54,40,1,0,2,0,0,0,0,1,1,1,0,0,51,50,0,0,0,0,0,0,0,0,0,0,0,0,54,60,0,0,0,0,0,0,0,0,0,0,0,0,58,60,0,0,2,0,0,0,0,0,0,0,0,0
27/11/2017 10:30,Goat Island,Goat Island West,1,43,15,0,0,2,0,0,0,0,1,2,0,1,0,17,10,0,0,0,0,0,0,0,0,0,0,0,0,8,15,0,0,0,0,0,0,0,0,0,0,0,0,10,5,0,0,0,0,0,0,0,0,0,0,0,1
24/06/2014 11:40,Goat Island,Goat Island West,1,60,1,0,0,0,0,0,0,0,2,0,0,0,0,35,1,0,0,0,0,0,0,0,0,0,0,0,0,30,1,0,0,0,0,0,0,0,0,0,0,0,0,22,1,0,0,0,0,0,0,0,0,0,0,0,1
21/11/2016 9:30,Goat Island,Goat Island West,1,71,10,0,0,1,0,0,0,0,0,0,0,0,0,33,10,0,0,2,2,0,0,0,0,2,0,1,1,74,15,0,0,1,2,0,0,0,1,3,0,5,0,65,5,0,0,1,0,0,0,0,0,0,0,1,0
27/10/2018 12:00,Goat Island,Goat Island West,1,10,1,0,0,0,0,0,0,0,3,0,0,1,0,0,0,0,0,1,0,0,0,0,4,0,0,0,0,0,0,0,0,2,0,0,0,0,2,0,0,0,0,15,1,0,0,0,0,0,0,0,1,0,0,0,0
28/04/2016 15:30,Goat Island,Goat Island West,1,9,40,0,0,0,0,0,0,0,0,0,0,2,0,33,33,0,0,0,0,0,0,0,0,0,0,2,0,20,30,0,0,1,0,0,0,0,0,0,0,1,0,53,40,0,0,1,0,0,0,0,0,0,0,1,0
6/10/2015 12:30,Goat Island,Goat Island West,1,10,10,0,0,1,0,0,0,0,1,0,0,0,0,70,50,0,0,3,0,0,0,0,0,0,0,0,0,60,10,0,0,2,0,0,0,0,3,0,0,0,0,40,40,0,0,2,0,0,0,0,0,0,0,0,0
23/06/2019 12:00,Gold Coast Seaway Reefs,South-West Wall,1,0,0,0,0,0,0,0,0,0,0,4,0,2,0,0,0,0,0,0,0,0,0,0,0,1,0,0,0,0,0,0,0,0,0,0,0,0,0,5,0,1,0,0,0,0,0,0,0,0,0,0,0,5,0,0,0
4/11/2012 10:00,Gold Coast Seaway Reefs,South-West Wall,1,0,0,0,0,0,0,0,0,0,0,4,0,6,2,0,0,0,0,0,0,0,0,0,0,2,0,2,0,0,0,0,0,0,0,0,0,0,0,3,0,1,1,0,0,0,0,0,0,0,0,0,0,1,0,1,1
26/07/2009 0:00,Gold Coast Seaway Reefs,South-West Wall,1,0,0,0,0,0,0,0,0,0,0,3,0,0,0,0,0,0,0,0,0,0,0,0,0,3,0,0,1,0,0,0,0,0,0,0,0,0,0,2,0,0,1,0,0,0,0,0,0,0,0,0,0,2,0,0,0
14/10/2007 0:00,Gold Coast Seaway Reefs,South-West Wall,1,0,0,0,0,0,0,0,0,0,0,0,20,1,0,0,0,0,0,0,0,0,0,0,0,0,0,0,0,0,0,0,0,0,0,0,0,0,0,0,0,0,0,0,0,0,0,0,0,0,0,0,0,0,10,0,0
5/02/2017 12:30,Gold Coast Seaway Reefs,South-West Wall,1,0,0,0,0,0,0,0,0,0,0,7,0,3,0,0,0,0,0,0,0,0,0,0,0,11,0,1,0,0,0,0,0,0,0,0,0,0,0,3,0,0,0,0,0,0,0,0,0,0,0,0,0,8,0,0,0
19/12/2015 14:00,Gold Coast Seaway Reefs,South-West Wall,1,0,0,0,0,0,0,0,0,0,0,1,0,1,0,0,0,0,0,0,0,0,0,0,0,2,0,0,0,0,0,0,0,0,0,0,0,0,0,0,0,0,0,0,0,0,0,0,0,0,0,0,0,2,0,2,0
15/01/2012 11:45,Gold Coast Seaway Reefs,South-West Wall,1,0,0,0,0,0,0,0,0,0,0,35,0,11,0,0,0,0,0,0,0,0,0,0,0,15,0,8,0,0,0,0,0,0,0,0,0,0,0,4,0,3,0,0,0,0,0,0,0,0,0,0,0,5,0,3,0
17/08/2008 0:00,Gold Coast Seaway Reefs,South-West Wall,1,0,0,0,0,0,0,0,0,0,0,2,0,0,0,0,0,0,0,0,0,0,0,0,0,2,0,0,0,0,0,0,0,0,0,0,0,0,0,2,0,0,1,0,0,0,0,0,0,0,0,0,0,4,0,0,0
9/12/2017 10:00,Gold Coast Seaway Reefs,South-West Wall,1,0,0,0,0,0,0,0,0,0,0,0,0,0,0,0,0,0,0,0,0,0,0,0,0,1,0,3,0,0,0,0,0,0,0,0,0,0,0,3,0,1,0,0,0,0,0,0,0,0,0,0,0,4,0,0,0
20/12/2015 15:40,Gold Coast Seaway Reefs,South-West Wall,1,0,0,0,0,0,0,0,0,0,0,8,0,0,0,0,0,0,0,0,0,0,0,0,0,19,0,0,0,0,0,0,0,0,0,0,0,0,0,10,0,0,0,0,0,0,0,0,0,0,0,0,0,9,0,0,0
3/11/2013 7:50,Gold Coast Seaway Reefs,South-West Wall,1,0,0,0,0,0,0,0,0,0,0,0,0,1,0,0,0,0,0,0,0,0,0,0,0,3,0,1,0,0,0,0,0,0,0,0,0,0,0,3,0,0,0,0,0,0,0,0,0,0,0,0,0,2,0,0,0
29/08/2010 0:00,Gold Coast Seaway Reefs,South-West Wall,1,0,0,0,0,0,0,0,0,0,0,3,0,0,0,0,0,0,0,0,0,0,0,0,0,2,0,1,0,0,0,0,0,0,0,0,0,0,0,4,0,1,0,0,0,0,0,0,0,0,0,0,0,12,0,2,0
9/12/2017 13:30,Gold Coast Seaway Reefs,The Pipe,1,0,0,0,0,0,0,0,0,0,0,13,0,0,0,0,0,0,0,0,0,0,0,0,0,43,0,0,0,0,0,0,0,0,0,0,0,0,0,10,0,0,0,0,0,0,0,0,0,0,0,0,0,25,0,0,0
5/02/2017 14:30,Gold Coast Seaway Reefs,The Pipe,1,0,0,0,0,0,0,0,0,0,0,3,0,0,0,0,0,0,0,0,0,0,0,0,0,15,0,0,0,0,0,0,0,0,0,0,0,0,0,10,0,0,0,0,0,0,0,0,0,0,0,0,0,5,0,0,0
20/12/2015 15:40,Gold Coast Seaway Reefs,The Pipe,1,0,0,0,0,0,0,0,0,0,0,8,0,0,0,0,0,0,0,0,0,0,0,0,0,19,0,0,0,0,0,0,0,0,0,0,0,0,0,10,0,0,0,0,0,0,0,0,0,0,0,0,0,9,0,0,0
8/06/2019 10:40,Gold Coast Seaway Reefs,The Pipe,1,0,0,0,0,0,0,0,0,0,0,2,0,1,0,0,0,0,0,0,0,0,0,0,0,0,0,0,0,0,0,0,0,0,0,0,0,0,0,1,0,0,0,0,0,0,0,0,0,0,0,0,0,3,0,1,0
11/03/2017 9:30,Green Island,Green Island East,1,30,100,0,0,0,0,0,0,0,0,0,0,1,0,80,50,0,0,0,0,0,0,0,0,0,0,1,0,0,0,0,0,0,0,0,0,0,0,0,0,0,0,0,0,0,0,0,0,0,0,0,0,0,0,0,0
12/01/2019 8:20,Green Island,Green Island North,1,30,50,0,0,1,0,0,0,0,2,0,0,0,0,8,25,0,0,0,0,0,0,0,5,0,0,1,0,30,70,0,0,0,0,0,0,0,5,0,0,0,0,40,70,0,0,2,0,0,0,0,4,0,0,0,0
16/12/2017 8:00,Green Island,Green Island North,1,28,50,0,0,0,0,0,0,0,2,0,0,0,0,43,25,0,0,0,0,0,0,0,3,0,0,0,0,35,25,0,0,0,0,0,0,0,5,0,0,0,0,78,50,0,0,0,0,0,0,0,2,0,0,0,0
22/06/2019 12:00,Green Island,Green Island North,1,10,2,0,0,0,0,0,0,0,0,0,0,0,0,32,2,0,0,0,0,0,0,0,0,0,0,0,0,12,2,0,0,2,0,0,0,0,0,0,0,0,0,3,1,0,0,2,0,0,0,0,0,0,0,0,0
30/06/2018 13:00,Green Island,Green Island North,1,5,1,0,0,0,0,0,0,0,6,0,0,0,0,11,2,0,0,0,0,0,0,0,3,0,0,0,0,38,2,0,0,0,0,0,0,0,5,0,0,0,0,5,1,0,0,0,0,0,0,0,12,0,0,0,0
18/11/2015 13:00,Green Island,Green Island North,1,53,20,0,0,0,0,0,0,0,1,0,0,0,0,38,20,0,0,0,0,0,0,0,0,0,0,0,0,36,20,0,0,0,0,0,0,0,0,0,0,0,0,50,20,0,0,0,0,0,0,0,0,0,0,0,0
22/06/2019 10:20,Green Island,Green Island West,1,23,10,0,0,3,1,0,0,0,0,0,0,0,0,18,5,0,0,1,2,0,0,0,0,0,0,1,0,25,10,0,0,1,0,0,0,0,0,0,0,0,0,39,5,0,0,4,0,0,0,0,0,0,0,0,0
16/12/2017 10:30,Green Island,Green Island West,1,42,20,0,0,0,0,0,0,0,5,0,0,0,0,5,5,0,0,0,0,0,0,0,6,0,0,0,0,30,5,0,0,0,0,0,0,0,2,0,0,0,0,10,1,0,0,0,0,0,0,0,5,0,0,0,0
12/01/2019 10:30,Green Island,Green Island West,1,25,80,0,0,0,0,0,0,0,2,0,0,0,0,30,80,0,0,1,0,0,0,0,5,0,0,0,0,40,80,0,0,1,0,0,0,0,4,0,0,0,0,40,80,0,0,1,0,0,0,0,7,0,0,0,0
1/07/2018 9:00,Green Island,Green Island West,1,7,3,0,0,0,0,0,0,0,10,0,0,0,0,13,5,0,0,0,0,0,0,0,16,0,0,0,0,10,3,0,0,0,0,0,0,0,10,0,0,0,0,20,10,0,0,0,0,0,0,0,3,0,0,0,0
23/10/2009 0:00,Hancocks Shoal,Hancocks Shoal,1,0,0,0,0,0,0,0,0,0,0,0,0,0,0,5,1,0,0,0,1,0,0,0,1,0,0,0,0,0,0,0,0,0,2,0,0,0,2,0,0,0,0,0,0,0,0,3,0,0,0,0,0,0,0,0,0
23/10/2009 0:00,Hancocks Shoal,Hancocks Shoal,2,20,1,0,0,1,0,0,0,0,2,0,0,0,0,0,0,0,0,2,1,0,0,0,3,0,0,0,0,0,0,0,0,0,2,0,0,0,2,0,0,0,0,25,1,0,0,0,2,0,0,0,2,0,0,0,0
2/12/2007 0:00,Hutchinsons Shoal,Hutchinson's Shoal,1,20,2,1,0,0,0,0,0,0,0,0,1,0,0,90,0,0,0,0,0,0,0,0,0,0,2,0,0,0,0,0,0,0,0,0,0,0,0,0,1,0,0,0,0,1,0,0,0,0,0,0,0,0,1,0,2
5/07/2009 0:00,Hutchinsons Shoal,Hutchinson's Shoal,1,0,0,0,0,0,0,0,0,1,0,4,1,0,0,0,0,0,0,0,0,0,0,1,1,1,0,0,0,0,0,0,0,0,1,0,0,0,1,2,0,0,0,70,1,0,0,0,0,0,0,0,1,0,0,0,0
19/09/2010 0:00,Inner Gneerings,The Caves,1,0,0,0,0,0,1,0,0,0,0,1,0,0,0,0,0,0,0,0,1,0,0,0,0,0,0,0,0,0,0,0,0,0,2,0,0,0,0,0,0,0,0,0,0,0,0,0,0,0,0,0,0,0,0,0,0
24/06/2011 11:30,Inner Gneerings,The Caves,1,5,1,0,0,0,1,0,0,0,0,0,0,0,0,25,1,0,0,0,1,0,0,0,1,2,0,0,0,0,0,0,0,0,0,0,0,0,2,1,0,0,0,5,1,0,0,0,0,0,0,0,0,1,0,0,0
20/01/2018 9:00,Inner Gneerings,The Caves,1,0,0,0,0,0,0,0,0,0,1,0,0,0,0,0,0,0,0,0,0,0,0,0,1,0,0,0,0,5,1,0,0,0,0,0,0,0,2,0,0,0,0,0,0,0,0,0,0,0,0,0,2,2,0,0,0
24/05/2014 15:30,Inner Gneerings,The Caves,1,15,1,0,0,0,0,0,0,0,0,0,0,0,0,40,1,0,0,0,0,0,0,0,2,0,0,0,0,8,2,0,0,0,2,0,0,0,1,0,0,0,0,8,3,0,0,0,0,0,0,0,2,0,0,0,0
12/11/2016 10:00,Inner Gneerings,The Caves,1,15,1,0,0,2,3,1,0,1,6,0,0,0,0,15,1,0,0,0,0,0,0,0,4,0,0,0,0,1,1,0,0,2,3,1,0,0,3,0,0,0,0,1,1,0,0,2,1,1,0,0,2,0,0,0,0
30/11/2014 15:15,Inner Gneerings,The Caves,1,17,10,0,0,4,5,0,0,0,10,0,0,0,0,14,10,0,0,0,8,0,0,0,2,0,0,0,0,9,20,0,0,0,3,0,0,0,12,0,0,0,0,8,10,0,0,0,8,0,0,0,6,0,0,0,0
15/09/2013 13:15,Inner Gneerings,The Caves,1,0,0,0,0,0,0,0,0,0,1,1,0,0,0,0,0,0,0,0,0,0,0,0,3,0,0,0,0,10,1,0,0,0,0,0,0,0,3,1,0,0,0,15,1,0,0,0,0,0,0,0,7,2,0,0,0
18/07/2009 0:00,Inner Gneerings,The Caves,1,0,0,0,0,1,0,0,0,1,2,0,0,0,0,0,0,0,0,1,0,0,0,0,0,2,0,0,0,0,0,0,0,1,0,0,0,0,2,0,0,0,0,0,0,0,0,0,0,0,0,0,0,0,0,0,0
23/09/2018 11:15,Inner Gneerings,The Caves,1,0,0,0,0,1,0,0,0,0,3,0,0,0,0,30,1,0,0,0,0,0,0,0,2,2,0,0,0,0,0,0,0,1,0,0,0,0,7,0,0,0,0,0,0,0,0,0,0,0,0,1,4,1,0,0,0
5/08/2012 13:30,Inner Gneerings,The Caves,1,5,1,0,0,1,1,0,0,0,0,0,0,0,0,40,1,0,0,4,2,0,0,0,0,1,0,0,0,55,1,0,0,1,1,0,0,0,0,1,0,0,0,0,0,0,0,0,0,0,0,0,0,0,0,0,0
21/11/2015 14:30,Inner Gneerings,The Caves,1,48,5,1,0,0,0,0,0,0,0,0,0,0,0,30,5,0,0,0,0,0,0,0,2,0,0,0,0,66,10,1,0,3,0,0,0,0,3,0,0,0,0,47,5,0,0,2,0,0,0,0,2,0,0,0,0
27/01/2017 14:00,Inner Gneerings,The Caves,2,0,0,0,0,1,0,0,0,0,1,0,0,0,0,0,0,0,0,0,0,0,0,0,0,0,0,0,0,0,0,0,0,2,0,0,0,0,1,1,0,0,0,0,0,0,0,0,0,0,0,0,0,0,0,0,0
24/05/2014 13:50,Inner Gneerings,The Caves,2,13,2,0,0,0,0,0,0,0,0,1,0,0,0,20,5,0,0,0,0,0,0,0,0,5,0,0,0,17,5,0,0,0,0,0,0,0,4,0,0,0,1,13,5,0,0,0,0,0,0,0,0,0,0,0,0
26/04/2019 8:00,Inner Gneerings,The Caves,2,0,0,0,0,0,0,0,0,0,0,0,0,0,0,0,0,0,0,2,0,0,0,0,0,0,0,1,0,0,0,0,0,1,2,0,0,0,0,1,0,0,0,50,1,0,0,1,1,0,0,0,0,0,0,0,0
13/11/2016 0:00,Inner Gneerings,The Caves,2,36,1,0,0,1,0,0,0,0,4,0,0,0,0,44,1,0,0,0,0,0,0,0,5,0,0,0,0,7,1,0,0,1,0,0,0,0,5,0,0,0,0,23,1,0,0,1,0,0,0,0,6,0,0,0,0
18/10/2015 15:00,Inner Gneerings,The Caves,2,0,0,0,0,0,0,0,0,0,3,1,0,0,0,0,0,0,0,0,0,0,0,0,1,1,0,0,0,0,0,0,0,1,0,0,0,0,3,0,0,0,0,0,0,0,0,0,0,0,0,0,3,0,0,0,0
7/03/2015 14:15,Inner Gneerings,The Caves,2,52,1,0,0,0,0,0,0,0,1,0,0,0,0,52,2,0,0,0,0,0,0,0,1,2,0,0,0,25,1,0,0,2,0,0,0,0,0,1,0,0,0,38,2,0,0,1,0,0,0,0,0,3,0,0,0
14/10/2017 9:23,Inner Gneerings,The Caves,2,0,0,0,0,0,0,0,0,0,0,0,0,0,0,20,1,0,0,0,0,0,0,0,1,0,0,0,0,0,0,0,0,0,0,0,0,0,0,0,0,0,0,30,1,0,0,2,1,1,0,0,0,0,0,0,0
18/08/2013 10:35,Inner Gneerings,The Caves,2,0,0,0,0,0,0,0,0,0,12,1,0,0,0,0,0,0,0,0,0,0,0,0,10,0,0,0,0,0,0,0,0,0,0,0,0,0,9,2,0,0,0,0,0,0,0,1,0,0,0,0,11,0,0,1,0
30/11/2014 13:10,Inner Gneerings,The Caves,3,10,5,0,0,5,3,0,0,0,3,0,0,0,0,11,5,0,0,3,5,0,0,0,9,0,0,0,0,14,5,0,0,2,4,0,0,0,2,0,0,0,0,6,10,0,0,1,1,0,0,0,7,0,0,0,0
5/09/2009 0:00,Jew Shoal,The Pinnacles (The Pin),1,0,0,2,0,2,0,0,0,1,3,9,0,0,4,10,1,0,0,0,0,0,0,1,4,1,0,0,0,60,1,0,0,1,0,0,0,0,4,5,0,1,1,0,0,0,0,0,2,0,0,0,2,5,0,0,1
10/11/2012 8:35,Jew Shoal,The Pinnacles (The Pin),1,0,0,0,0,1,4,0,0,0,0,0,0,0,0,30,1,0,0,0,5,0,0,0,1,0,0,0,0,0,0,0,0,2,9,0,0,0,0,0,0,0,0,0,0,0,0,0,7,0,0,0,0,0,0,0,0
29/09/2013 8:00,Jew Shoal,The Pinnacles (The Pin),1,50,1,0,0,2,0,0,0,0,0,0,0,0,0,50,1,0,0,1,1,0,0,0,0,0,0,0,0,0,0,0,0,0,1,0,0,0,0,0,0,0,0,0,0,0,0,0,0,0,0,0,0,0,0,0,0
16/10/2011 10:30,Jew Shoal,The Pinnacles (The Pin),1,15,1,0,0,0,0,0,0,0,0,0,0,0,0,6,1,1,0,0,0,0,0,0,1,1,0,0,0,7,1,0,0,1,0,0,0,0,1,2,0,0,0,0,0,0,0,0,0,0,0,0,1,2,0,0,0
14/11/2010 0:00,Jew Shoal,The Pinnacles (The Pin),1,0,0,0,0,0,0,0,0,0,0,0,0,0,0,0,0,0,0,0,1,0,0,0,1,1,0,0,0,0,0,0,0,0,0,0,0,0,1,0,0,0,0,0,0,0,0,3,0,0,0,0,2,1,0,0,0
29/09/2013 10:00,Jew Shoal,The Pinnacles (The Pin),2,7,1,0,0,4,2,0,0,0,0,0,0,0,1,40,1,0,0,0,0,0,0,0,0,0,0,0,0,30,1,0,0,1,2,0,0,0,0,0,0,0,0,30,1,0,0,0,0,0,0,0,0,1,0,0,0
26/03/2019 11:30,Kings Beach,Kings Beach Reef,1,0,0,0,0,0,0,0,0,0,0,0,0,0,0,0,0,0,0,1,0,0,0,0,0,0,0,0,0,0,0,0,0,0,0,0,0,0,0,0,0,0,0,10,10,0,0,0,0,0,0,0,0,0,0,1,0
26/03/2011 8:00,Kings Beach,Kings Beach Reef,1,0,0,0,0,1,0,0,0,0,0,0,0,0,0,0,0,0,0,0,0,0,0,0,0,0,0,0,0,0,0,0,0,0,0,0,0,0,0,0,0,0,0,0,0,0,0,0,0,0,0,0,0,0,0,0,0
12/12/2015 8:15,Kings Beach,Kings Beach Reef,1,0,0,0,0,0,0,0,0,0,0,0,0,0,0,0,0,0,0,0,0,0,0,0,0,0,0,0,0,0,0,0,0,0,0,0,0,0,0,0,0,0,0,0,0,0,0,0,0,0,0,0,0,0,0,0,0
3/12/2016 10:20,Kings Beach,Kings Beach Reef,1,25,5,0,0,0,0,0,0,0,0,0,0,0,0,65,10,0,0,0,0,0,0,0,2,0,0,2,0,90,5,0,0,0,0,0,0,0,4,0,0,1,0,61,30,0,0,0,0,0,0,0,0,0,0,0,0
3/03/2018 8:30,Kings Beach,Kings Beach Reef,1,45,1,0,0,0,0,0,0,1,7,1,0,0,1,20,5,0,0,1,0,0,0,0,2,0,0,0,0,15,5,0,0,1,0,0,0,1,2,0,0,6,0,22,5,0,0,1,0,0,0,0,0,2,0,0,0
20/06/2014 13:00,Kings Beach,Kings Beach Reef,1,20,20,0,0,0,0,0,0,0,0,0,0,1,0,30,20,0,0,0,0,0,0,0,0,0,0,2,0,10,0,0,0,0,0,0,0,0,0,0,0,1,0,20,60,0,0,0,0,0,0,0,0,0,0,0,0
19/12/2014 6:00,Kings Beach,Kings Beach Reef,1,0,0,0,0,1,0,0,0,0,0,0,0,1,0,0,0,0,0,0,0,0,0,0,0,0,0,0,1,100,1,0,0,0,0,0,0,0,0,1,0,0,0,13,1,0,0,0,0,0,0,0,0,0,0,1,0
17/10/2013 6:00,Kings Beach,Kings Beach Reef,1,0,0,0,0,1,0,0,0,0,0,0,0,0,0,1,1,0,0,1,0,0,0,0,0,0,0,0,0,1,0,0,0,3,0,0,0,0,0,0,0,0,0,0,0,0,0,0,0,0,0,0,0,0,0,0,0
6/11/2009 0:00,Kings Beach,Kings Beach Reef,1,0,0,0,0,5,0,0,0,0,0,0,0,0,0,0,0,0,0,0,0,0,0,0,0,2,0,0,0,0,0,0,0,0,0,0,0,0,0,0,0,0,0,0,0,0,0,0,0,0,0,0,0,0,0,1,0
24/07/2019 11:00,Kirra Reef,Outer Kirra Reef,1,0,0,0,0,0,0,0,0,0,0,0,0,0,0,0,0,0,0,0,0,0,0,0,0,0,0,0,0,0,0,0,0,0,0,0,0,0,0,0,0,0,0,0,0,0,0,0,0,0,0,0,0,0,0,0,0
19/04/2016 11:50,Kirra Reef,Outer Kirra Reef,1,0,0,0,0,0,0,0,0,0,0,1,0,1,0,0,0,0,0,0,0,0,0,0,0,0,0,0,0,0,0,0,0,0,0,0,0,0,0,0,0,0,0,0,0,0,0,0,0,0,0,0,0,0,0,0,0
16/10/2011 8:00,Little Halls Reef,Little Halls Reef,1,0,0,0,0,0,0,0,0,0,0,5,0,2,1,0,0,0,0,0,0,0,0,0,0,5,0,0,0,0,0,0,0,0,0,0,0,0,0,0,0,0,0,0,0,0,0,0,0,0,0,0,0,1,0,0,0
14/02/2016 0:00,Macleay Island,Macleay Island,1,0,0,0,0,0,0,0,0,0,0,0,0,0,0,0,0,0,0,0,0,0,0,0,0,0,0,0,0,80,1,0,0,1,0,0,0,0,0,0,0,0,0,0,0,0,0,0,0,0,0,0,0,0,0,0,0
6/06/2019 9:50,Macleay Island,Macleay Island,1,6,1,0,0,0,0,0,0,0,0,0,0,1,0,30,1,0,0,0,0,0,0,0,0,0,0,0,0,23,1,0,0,0,0,0,0,0,1,0,0,0,0,10,1,0,0,0,0,0,0,0,1,0,0,0,0
16/11/2010 0:00,Macleay Island,Macleay Island,1,5,0,0,0,0,1,0,0,0,2,6,0,0,0,5,12,0,0,1,1,0,0,0,1,1,0,0,0,12,2,0,0,0,2,0,0,0,1,5,0,0,0,5,5,0,0,0,0,0,0,0,1,0,0,0,0
11/03/2017 11:03,Macleay Island,Macleay Island,1,39,30,0,0,0,0,0,0,0,1,0,0,0,0,58,35,0,0,0,0,0,0,0,1,0,0,0,0,64,20,0,0,1,0,0,0,0,0,0,0,0,0,58,15,0,0,1,0,0,0,0,0,0,0,0,0
17/11/2017 10:35,Macleay Island,Macleay Island,1,40,30,0,0,0,0,0,0,0,0,0,0,0,0,43,35,0,0,2,0,0,0,0,0,0,0,0,0,52,20,0,0,0,0,0,0,0,0,0,0,0,0,31,15,0,0,2,0,0,0,0,0,0,0,0,0
1/07/2018 13:00,Mud Island,Coral Galore,1,18,15,0,0,0,0,0,0,0,2,0,0,0,0,10,20,0,0,0,0,0,0,0,2,0,0,0,0,30,20,0,0,0,0,0,0,0,2,0,0,0,0,26,15,0,0,0,0,0,0,0,1,0,0,0,0
11/01/2019 10:35,Mud Island,Coral Galore,1,90,5,0,0,0,0,0,0,0,0,0,0,0,0,90,5,0,0,0,0,0,0,0,0,2,0,0,0,0,0,0,0,0,0,0,0,0,0,0,0,0,0,0,0,0,0,0,0,0,0,0,0,1,0,0,0
23/06/2019 10:30,Mud Island,Coral Galore,1,12,1,0,0,0,0,0,0,0,0,0,0,0,0,0,0,0,0,0,0,0,0,0,0,1,0,0,0,5,1,0,0,0,0,0,0,0,0,0,0,0,0,0,0,0,0,0,0,0,0,0,0,0,0,0,0
17/12/2017 9:30,Mud Island,Coral Galore,1,20,5,0,0,0,0,0,0,1,0,0,0,0,0,44,5,0,0,0,0,0,0,0,0,0,0,0,0,16,5,0,0,0,0,0,0,0,0,1,0,0,0,50,5,0,0,0,0,0,0,2,0,0,0,0,0
1/07/2018 11:00,Mud Island,Rubble Patch,1,55,3,0,0,0,0,0,0,0,0,0,0,0,0,27,10,0,0,0,0,0,0,0,2,0,0,0,0,0,0,0,0,0,0,0,0,0,0,0,0,0,0,30,100,0,0,0,0,0,0,0,1,0,0,0,0
7/07/2019 9:40,Mud Island,Rubble Patch,1,0,0,0,0,3,0,0,0,1,0,0,0,1,0,0,0,0,0,4,1,3,0,0,0,0,0,0,0,50,5,0,0,2,1,3,0,0,0,0,0,0,0,15,5,0,0,1,1,3,0,0,0,0,0,0,0
22/05/2019 10:45,Mud Island,Rubble Patch,1,80,20,0,0,0,0,0,0,0,0,0,0,0,0,0,0,0,0,0,0,0,0,0,0,0,0,0,0,0,0,0,0,0,0,0,0,0,0,0,0,0,0,0,0,0,0,0,0,0,0,0,0,1,0,0,0
17/12/2017 11:10,Mud Island,Rubble Patch,1,0,0,0,0,0,0,0,0,0,0,0,0,0,0,2,1,0,0,0,0,0,0,0,0,0,0,0,0,0,0,0,0,0,0,0,0,0,0,0,0,0,0,5,1,0,0,0,0,0,0,0,0,0,1,0,0
22/01/2016 12:30,Mudjimba (Old Woman) Island,NorthWest Reef,1,17,2,0,0,0,1,0,0,0,0,0,0,0,0,57,1,0,0,0,0,0,0,0,1,1,0,0,0,10,1,0,0,0,0,0,0,0,0,0,0,0,0,33,1,0,0,0,0,0,0,0,11,0,0,0,0
8/11/2013 1:45,Mudjimba (Old Woman) Island,NorthWest Reef,1,0,0,0,0,1,3,0,0,2,0,1,0,0,0,0,0,0,0,0,1,0,0,0,0,2,0,0,0,0,0,0,0,2,2,0,0,0,0,1,0,0,0,0,0,0,0,2,1,0,0,0,0,2,0,0,0
3/05/2019 8:03,Mudjimba (Old Woman) Island,NorthWest Reef,1,30,20,0,0,0,0,0,0,0,0,2,0,0,0,20,10,0,0,0,0,0,0,0,0,0,0,1,0,60,10,0,0,0,0,0,0,0,0,0,0,0,0,17,10,0,0,0,4,0,0,0,0,0,0,0,0
7/03/2015 12:00,Mudjimba (Old Woman) Island,NorthWest Reef,1,40,20,0,0,0,0,0,0,0,2,1,0,1,0,40,12,0,0,0,0,0,0,0,1,0,0,0,0,23,7,0,0,0,0,0,0,0,0,1,0,0,0,65,15,0,0,0,0,0,0,0,1,0,0,0,0
18/11/2017 8:30,Mudjimba (Old Woman) Island,NorthWest Reef,1,25,1,0,0,2,0,0,0,0,3,2,0,0,1,29,10,0,0,2,0,0,0,0,1,0,0,1,0,21,10,0,0,1,0,0,0,0,1,1,0,0,1,13,5,0,0,1,0,0,0,0,2,0,0,0,0
27/01/2017 16:00,Mudjimba (Old Woman) Island,NorthWest Reef,1,0,0,0,0,1,0,0,0,0,0,1,0,0,0,0,0,0,0,0,0,0,0,0,0,0,0,0,0,0,0,0,0,0,1,0,0,0,0,0,0,0,0,0,0,0,0,1,0,0,0,0,2,0,0,0,0
3/12/2007 0:00,Mudjimba (Old Woman) Island,The Ledge (Mudjimba Island),1,0,0,0,0,0,0,0,0,0,0,0,3,0,0,0,0,0,0,0,0,0,0,0,0,0,1,0,0,0,0,0,0,0,0,0,0,0,1,0,0,0,0,0,0,0,0,0,0,0,0,0,1,0,0,0,0
19/09/2010 0:00,Mudjimba (Old Woman) Island,The Ledge (Mudjimba Island),1,0,0,0,0,0,1,0,0,0,2,1,0,2,0,0,0,1,0,1,0,0,0,0,3,0,0,0,0,0,0,0,0,0,0,0,0,0,6,0,0,0,0,0,0,0,0,1,1,0,0,0,4,2,0,0,0
4/03/2018 8:30,Mudjimba (Old Woman) Island,The Ledge (Mudjimba Island),1,55,1,0,0,4,1,0,0,1,8,0,0,0,0,52,1,0,0,1,1,0,0,2,10,4,0,0,0,82,1,0,0,3,2,0,0,0,12,0,0,0,0,36,1,2,0,4,0,0,0,0,0,0,0,0,0
5/10/2014 15:00,Mudjimba (Old Woman) Island,The Ledge (Mudjimba Island),1,27,15,0,0,0,3,0,0,0,5,0,0,0,0,29,10,0,0,1,0,0,0,0,1,0,0,0,0,9,5,0,0,0,0,0,0,0,1,1,0,0,1,18,5,0,0,2,1,0,0,0,4,0,0,0,0
5/08/2012 15:30,Mudjimba (Old Woman) Island,The Ledge (Mudjimba Island),1,17,1,0,0,0,0,0,0,0,2,2,0,0,1,59,1,0,0,1,0,0,0,0,1,2,0,0,0,23,1,1,0,1,0,0,0,0,0,2,0,0,0,15,1,1,0,0,0,0,0,0,3,0,0,0,0
3/05/2019 10:20,Mudjimba (Old Woman) Island,The Ledge (Mudjimba Island),1,36,20,0,0,0,0,0,0,0,1,0,0,0,0,45,10,0,0,0,0,0,0,0,0,0,0,0,0,44,40,0,0,0,0,0,0,0,0,0,0,0,0,24,30,0,0,2,0,0,0,1,0,0,0,0,0
24/06/2011 8:50,Mudjimba (Old Woman) Island,The Ledge (Mudjimba Island),1,0,0,0,0,1,0,0,0,0,2,3,0,1,0,0,0,0,0,1,0,0,0,0,1,4,0,0,0,29,1,0,0,1,0,0,0,0,0,0,0,0,0,0,0,0,0,0,0,0,0,0,0,2,0,1,0
18/08/2013 8:30,Mudjimba (Old Woman) Island,The Ledge (Mudjimba Island),1,1,1,0,0,0,0,0,0,0,2,0,0,0,0,1,1,0,0,2,0,0,0,2,6,0,0,0,0,1,1,0,0,0,0,0,0,4,5,4,0,0,0,1,1,0,0,0,0,0,0,0,2,1,2,0,0
21/11/2015 14:30,Mudjimba (Old Woman) Island,The Ledge (Mudjimba Island),1,5,1,0,0,1,0,0,0,0,0,2,0,0,0,0,0,0,0,0,3,0,0,0,0,0,0,1,0,30,1,0,0,0,6,0,0,0,0,0,0,0,0,40,1,0,0,0,4,0,0,0,0,0,0,2,0
18/07/2009 0:00,Mudjimba (Old Woman) Island,The Ledge (Mudjimba Island),1,0,0,0,0,0,0,0,0,0,1,0,0,0,0,0,0,0,0,0,0,0,0,0,3,3,0,0,0,18,1,0,0,1,0,0,0,0,3,1,0,0,0,0,0,0,0,2,0,0,0,1,2,0,0,0,0
12/11/2016 9:00,Mudjimba (Old Woman) Island,The Ledge (Mudjimba Island),1,30,1,0,0,2,0,0,0,0,11,0,0,0,0,10,1,0,0,1,1,0,0,3,8,0,0,0,0,22,10,0,0,2,1,0,0,2,5,0,0,0,0,10,1,0,0,0,0,0,0,2,8,0,0,0,0
18/10/2015 13:00,Mudjimba (Old Woman) Island,The Ledge (Mudjimba Island),2,0,0,0,0,0,0,0,0,0,0,0,0,0,0,0,0,0,0,0,0,0,0,0,0,0,0,0,0,45,0,0,0,0,0,0,0,0,1,0,0,0,0,0,0,0,0,0,0,0,0,0,1,0,0,0,0
5/10/2014 13:00,Mudjimba (Old Woman) Island,The Ledge (Mudjimba Island),2,13,10,0,0,1,0,0,0,0,7,0,0,0,0,9,5,0,0,0,0,0,0,0,4,0,0,0,1,11,5,0,0,3,0,0,0,0,2,0,0,0,0,9,5,0,0,0,0,0,0,0,3,0,0,0,2
4/11/2016 13:00,Mudjimba (Old Woman) Island,The Ledge (Mudjimba Island),2,8,1,0,0,3,0,0,0,0,0,1,0,0,0,8,1,0,0,3,0,0,0,0,0,1,0,0,0,5,1,0,0,0,0,0,0,0,0,1,0,0,0,0,0,0,0,1,0,0,0,0,0,2,0,0,0
15/09/2013 15:00,Mudjimba (Old Woman) Island,The Ledge (Mudjimba Island),2,0,0,0,0,0,1,0,0,0,1,0,0,0,0,0,0,0,0,0,4,0,0,0,1,1,0,0,0,10,1,0,0,0,1,0,0,0,0,3,0,0,0,0,0,0,0,0,2,0,0,0,0,2,0,0,0
23/09/2018 8:15,Mudjimba (Old Woman) Island,The Ledge (Mudjimba Island),2,0,0,0,0,0,3,0,0,0,2,2,0,0,0,100,1,0,0,0,1,0,0,0,1,0,0,0,0,100,1,0,0,0,1,0,0,0,1,0,0,0,0,0,0,0,0,2,4,0,0,1,3,3,0,0,0
14/10/2017 7:18,Mudjimba (Old Woman) Island,The Ledge (Mudjimba Island),2,0,0,0,0,0,0,0,0,0,0,0,0,0,0,0,0,0,0,0,0,0,0,0,0,4,0,0,0,0,0,0,0,0,0,0,0,0,0,1,0,0,0,0,0,0,0,1,0,0,0,0,0,5,0,0,0
22/01/2016 14:33,Mudjimba (Old Woman) Island,The Ledge (Mudjimba Island),3,44,1,0,0,2,0,0,1,1,0,0,0,0,0,33,1,0,0,2,1,2,2,0,0,0,0,0,0,17,1,0,0,2,0,0,0,1,0,0,0,0,0,50,1,0,0,1,0,0,0,0,0,0,0,0,0
26/04/2019 10:20,Mudjimba (Old Woman) Island,The Ledge (Mudjimba Island),3,0,0,0,0,1,0,0,0,0,0,0,0,0,0,5,1,0,0,1,0,0,0,0,0,1,0,0,0,0,0,0,0,0,5,0,0,0,0,0,0,0,0,80,1,0,0,0,4,0,0,0,0,0,0,0,0
4/11/2016 15:00,Mudjimba (Old Woman) Island,The Ledge (Mudjimba Island),3,10,1,1,0,6,0,0,0,0,0,0,0,0,0,7,1,1,0,2,0,0,0,0,0,1,0,0,0,8,1,0,0,0,0,0,0,0,1,1,0,0,0,25,1,0,0,0,0,0,0,0,3,1,0,1,0
20/01/2018 11:00,Mudjimba (Old Woman) Island,The Ledge (Mudjimba Island),3,60,1,0,0,2,0,0,0,0,0,0,0,0,0,0,0,0,0,3,0,0,0,0,0,4,0,0,0,0,0,0,0,3,1,0,0,0,0,4,0,0,0,0,0,0,0,3,2,0,0,0,0,5,0,1,0
8/11/2013 3:35,Mudjimba (Old Woman) Island,The Ledge (Mudjimba Island),3,1,1,0,0,2,1,0,0,0,0,0,0,0,0,0,0,0,0,0,1,0,0,0,0,0,0,0,0,0,0,0,0,0,0,0,0,0,2,2,0,0,0,0,0,0,0,2,1,0,0,0,3,3,0,1,0
18/11/2017 10:30,Mudjimba (Old Woman) Island,The Ledge (Mudjimba Island),3,20,1,0,0,1,0,0,0,0,0,0,0,0,0,15,1,0,0,1,0,0,0,1,0,1,0,0,0,50,1,0,0,0,0,0,0,1,0,2,0,0,0,30,1,0,0,1,0,0,0,0,0,3,0,0,0
3/05/2019 10:48,Mudjimba (Old Woman) Island,The Ledge (Mudjimba Island),3,50,20,0,0,0,1,0,0,0,1,0,0,1,1,26,10,0,0,2,1,0,0,0,2,0,0,0,1,35,40,0,0,0,0,0,0,0,1,1,0,0,0,45,30,0,0,1,2,0,0,0,0,0,0,0,2
21/10/2009 0:00,Myora Reef,Myora Reef,1,0,0,0,0,0,0,0,0,0,2,0,0,1,1,0,0,0,0,0,0,0,0,0,6,1,0,0,0,0,0,0,0,2,0,0,0,0,5,0,0,0,0,0,0,0,0,0,0,0,0,0,7,0,0,0,1
2/09/2018 12:45,Myora Reef,Myora Reef,1,31,20,0,0,0,0,0,0,0,1,0,0,0,0,20,10,3,0,0,0,0,0,0,0,0,0,0,0,24,10,3,0,0,0,0,0,0,0,0,0,0,1,17,10,2,0,2,0,0,0,0,2,1,0,0,0
28/04/2016 12:30,Myora Reef,Myora Reef,1,20,1,0,0,2,1,0,0,0,0,0,0,0,0,80,1,0,0,4,2,0,0,0,0,2,0,1,0,70,1,0,0,0,2,0,0,0,0,1,0,1,0,90,1,0,0,1,0,0,0,0,0,1,0,3,0
27/10/2010 0:00,Myora Reef,Myora Reef,1,0,0,0,0,4,0,0,0,0,11,3,0,0,0,0,0,0,0,4,0,0,0,0,4,1,0,0,0,80,1,0,0,13,1,0,0,1,23,6,0,0,0,0,0,0,0,17,0,0,0,0,26,1,0,0,0
19/12/2013 9:45,Myora Reef,Myora Reef,1,19,15,0,0,0,0,0,0,0,0,0,0,0,0,29,20,0,0,2,0,0,0,0,0,0,0,0,0,29,20,0,0,0,1,0,0,0,7,2,0,0,0,23,20,0,0,3,3,0,0,0,3,1,0,0,0
31/10/2015 11:30,Myora Reef,Myora Reef,1,0,0,0,0,3,0,0,0,4,5,0,0,0,0,5,5,0,0,1,0,0,0,0,4,0,0,4,0,25,10,0,0,2,0,0,0,2,8,0,0,0,0,58,10,0,0,3,0,0,0,0,11,1,0,0,0
2/02/2012 11:30,Myora Reef,Myora Reef,1,0,0,0,0,0,4,0,0,0,0,0,0,0,1,0,0,0,0,0,4,0,0,0,1,0,0,1,1,15,1,0,0,1,1,0,0,0,4,0,0,0,0,0,0,0,0,1,5,0,0,0,3,1,0,0,0
19/11/2016 0:00,Myora Reef,Myora Reef,1,5,5,0,0,5,10,0,0,0,0,1,0,0,0,4,10,0,0,2,13,0,0,0,0,0,0,0,0,9,20,0,0,1,4,0,0,1,0,0,0,0,0,13,40,0,0,1,4,0,0,0,0,0,0,0,0
10/01/2015 12:00,Myora Reef,Myora Reef,1,20,5,0,0,11,0,0,0,0,10,0,0,0,0,20,5,1,0,8,0,0,0,0,8,0,0,0,0,15,5,0,0,11,0,0,0,1,8,0,0,0,0,30,10,0,0,10,0,0,0,0,14,0,0,0,0
20/01/2013 9:30,Myora Reef,Myora Reef,1,0,0,0,0,4,0,0,0,0,7,1,0,0,1,54,1,0,0,5,0,0,0,0,5,0,0,0,0,40,0,0,0,2,0,0,0,0,3,0,0,0,1,0,0,0,0,4,0,0,0,0,0,0,0,0,0
26/11/2017 1:30,Myora Reef,Myora Reef,1,90,1,0,0,2,20,0,0,2,0,2,0,0,2,40,2,0,0,7,3,0,0,3,19,0,0,0,0,0,0,0,0,4,5,0,0,0,9,0,0,0,0,0,0,0,0,1,0,0,0,1,10,1,0,1,2
15/11/2017 13:00,Myora Reef,Myora Reef,2,2,3,0,0,6,0,0,0,3,3,3,0,3,0,2,2,0,0,8,0,0,0,2,5,0,0,2,0,0,0,0,0,0,0,0,0,3,0,0,0,0,0,0,0,0,0,0,0,0,0,2,0,1,0,0,0
7/10/2015 10:00,Myora Reef,Myora Reef,2,23,5,0,0,3,0,0,0,0,2,0,0,0,0,24,15,0,0,5,0,0,0,0,8,0,0,0,0,53,10,0,0,2,0,0,0,0,8,0,0,1,0,29,10,0,0,2,0,0,0,0,4,1,0,1,0
23/06/2014 11:30,Myora Reef,Myora Reef,2,0,0,0,0,0,0,0,0,0,5,0,0,0,0,0,0,0,0,1,0,0,0,0,6,0,0,0,0,0,0,0,0,1,0,0,0,0,1,0,0,0,0,0,0,0,0,0,0,0,0,0,0,0,0,0,0
14/06/2019 7:15,Myora Reef,Myora Reef,2,11,70,0,0,1,5,0,0,0,0,0,0,0,0,13,50,0,0,2,3,0,0,0,0,0,0,1,0,23,50,0,0,4,4,0,0,0,0,0,0,0,0,12,30,0,0,6,5,0,0,0,0,0,0,0,0
21/11/2016 12:00,Myora Reef,Myora Reef,2,48,2,0,0,1,2,0,0,0,0,0,0,0,0,42,2,0,0,0,2,0,0,0,0,0,0,0,0,20,1,0,0,1,3,0,0,0,0,0,0,0,0,0,0,0,0,1,1,0,0,0,0,0,0,0,0
19/04/2016 9:10,Narrowneck Reef,Narrowneck Artificial Reef,1,0,0,0,0,0,0,0,0,0,0,0,0,0,0,0,0,0,0,0,0,0,0,0,0,0,0,0,0,0,0,0,0,0,0,0,0,0,0,0,0,0,0,0,0,0,0,0,0,0,0,0,0,0,0,0,0
2/10/2007 0:00,Narrowneck Reef,Narrowneck Artificial Reef,1,0,0,0,0,0,0,0,0,0,0,0,0,0,1,0,0,0,0,0,0,0,0,0,0,0,0,0,1,0,0,0,0,0,0,0,0,0,0,0,0,0,0,0,0,0,0,0,0,0,0,0,0,0,0,0,1
12/10/2011 11:40,Narrowneck Reef,Narrowneck Artificial Reef,1,0,0,0,0,0,0,0,0,0,0,0,0,0,2,0,0,0,0,0,0,0,0,0,0,0,0,0,2,0,0,0,0,0,0,0,0,0,0,0,0,0,0,0,0,0,0,0,0,0,0,0,0,0,0,0,0
22/12/2009 0:00,Palm Beach Reef,Palm Beach Reef,1,0,0,0,0,0,0,0,0,0,0,0,0,0,0,0,0,0,0,0,0,0,0,0,0,0,0,0,0,0,0,0,0,0,0,0,0,1,0,0,0,0,0,0,0,0,0,1,0,0,0,0,0,0,0,0,0
3/08/2008 0:00,Palm Beach Reef,Palm Beach Reef,1,0,0,0,0,0,0,0,0,1,23,0,0,0,0,0,0,0,0,0,0,0,0,0,3,0,0,0,0,0,0,0,0,0,0,0,0,0,2,0,0,0,0,0,0,0,0,0,0,0,0,0,0,0,0,0,0
13/07/2019 10:00,Palm Beach Reef,Palm Beach Reef,1,0,0,0,0,1,0,0,0,0,0,0,0,1,0,0,0,0,0,0,0,0,0,0,0,0,0,0,0,0,0,0,0,3,0,0,0,1,0,0,0,0,0,0,0,0,0,1,0,0,0,0,0,0,0,0,0
22/11/2013 11:20,Palm Beach Reef,Palm Beach Reef,1,0,0,0,0,0,0,0,0,0,1,0,0,0,0,5,1,0,0,1,0,0,0,0,1,0,0,0,1,0,0,0,0,1,0,0,0,2,0,0,0,0,2,0,0,0,0,0,1,0,0,0,1,1,0,0,1
1/10/2007 0:00,Palm Beach Reef,Palm Beach Reef,1,10,1,1,0,7,0,0,0,1,2,0,0,0,1,0,0,0,0,5,0,0,0,0,2,0,0,0,1,0,0,0,0,0,0,0,0,0,2,0,0,2,0,0,0,0,0,1,0,0,0,0,1,0,0,0,0
22/11/2015 9:30,Palm Beach Reef,Palm Beach Reef,1,8,1,0,0,1,0,0,0,0,0,0,0,0,0,1,1,0,0,1,0,0,0,0,0,0,0,0,0,8,1,0,0,1,0,0,0,0,0,0,0,0,0,10,1,0,0,0,0,0,0,0,0,0,0,0,0
12/10/2011 9:10,Palm Beach Reef,Palm Beach Reef,1,15,1,0,0,0,1,0,0,0,0,1,0,0,0,12,1,0,0,0,0,0,0,0,0,0,0,0,0,5,1,0,0,0,0,0,0,0,6,0,0,0,0,5,1,0,0,0,0,0,0,0,4,0,0,0,0
20/09/2009 0:00,Palm Beach Reef,Palm Beach Reef,2,0,0,0,0,2,0,0,0,0,0,0,0,0,0,0,0,0,0,0,0,0,0,0,0,0,0,0,0,0,0,0,0,1,1,0,0,0,0,0,0,0,0,0,0,0,0,0,1,0,0,0,0,0,0,0,0
22/11/2015 11:30,Palm Beach Reef,Palm Beach Reef,2,10,2,0,0,0,1,0,0,0,0,0,0,0,0,33,5,0,0,0,0,0,0,0,0,0,0,0,0,13,5,0,0,0,1,0,0,0,0,0,0,0,0,0,0,0,0,0,1,0,0,0,0,0,0,0,0
13/07/2019 12:00,Palm Beach Reef,Palm Beach Reef,2,0,0,0,0,1,1,5,0,1,0,0,0,0,0,0,0,0,0,1,1,5,0,1,0,0,0,0,0,0,0,0,0,0,0,0,0,0,0,0,1,0,0,0,0,0,0,0,1,5,0,6,0,0,0,0,0
20/11/2016 11:00,Peel Island,Peel Island East,1,62,10,0,0,1,1,0,0,0,0,1,0,1,0,80,1,0,0,0,0,0,0,0,0,3,0,0,0,87,5,0,0,1,0,0,0,0,0,1,0,0,0,83,1,0,0,0,1,0,0,0,0,2,0,1,0
26/11/2017 10:20,Peel Island,Peel Island East,1,0,0,0,0,0,0,1,0,0,3,3,0,0,0,43,3,0,0,0,0,0,0,0,1,4,0,0,3,36,10,0,0,0,0,0,0,0,1,3,0,0,0,10,1,0,0,2,0,0,0,0,1,2,0,0,0
17/09/2009 0:00,Peel Island,Peel Island East,1,0,0,0,0,0,0,0,0,0,0,0,0,0,0,30,1,0,0,0,0,0,0,0,0,1,0,4,0,0,0,0,0,0,0,0,0,0,0,3,0,3,0,90,1,0,0,0,0,0,0,0,0,4,0,0,0
14/06/2019 9:00,Peel Island,Peel Island East,1,5,20,0,0,0,1,0,0,0,0,0,0,1,0,15,20,0,0,0,0,0,0,0,0,0,0,0,0,10,10,0,0,0,4,0,0,0,0,0,0,0,0,17,15,0,0,2,0,0,0,0,0,0,0,1,0
1/11/2015 11:15,Peel Island,Peel Island East,1,51,35,0,0,4,0,0,0,0,1,0,0,0,0,43,15,0,0,0,0,0,0,0,0,0,0,0,0,25,35,0,0,0,0,0,0,0,3,0,0,0,0,47,35,0,0,1,0,0,0,0,2,0,0,0,0
1/11/2015 11:15,Peel Island,Peel Island East,1,51,40,0,0,4,0,0,0,0,0,0,0,0,0,42,20,0,0,0,0,0,0,0,0,0,0,0,0,25,40,0,0,0,0,0,0,0,3,0,0,0,0,48,40,0,0,1,0,0,0,0,2,0,0,0,0
23/10/2013 10:15,Peel Island,Peel Island East,1,0,0,0,0,0,0,0,0,0,2,2,0,0,0,0,0,0,0,0,0,0,0,0,1,2,0,0,0,0,0,0,0,0,0,0,0,0,3,2,0,0,0,0,0,0,0,0,0,0,0,0,1,4,0,0,0
27/10/2010 0:00,Peel Island,Peel Island East,1,0,0,0,0,1,0,0,0,0,0,1,0,2,0,0,0,0,0,0,0,0,0,0,0,3,0,2,0,0,0,0,0,1,0,0,0,0,0,2,0,1,0,0,0,0,0,1,0,0,0,0,0,3,0,1,0
15/02/2012 9:05,Peel Island,Peel Island East,1,25,1,0,0,0,0,0,0,0,4,2,0,1,0,60,3,0,0,0,0,0,0,0,0,0,2,1,0,0,0,0,0,0,0,0,0,0,0,0,1,1,0,60,3,0,0,0,0,0,0,0,1,0,1,0,0
2/09/2018 10:15,Peel Island,Peel Island North,1,39,15,0,0,1,0,0,0,0,0,0,0,2,4,25,10,0,0,1,0,0,0,0,2,1,0,3,0,25,10,0,0,1,0,0,0,0,1,2,0,0,0,22,5,1,0,2,0,0,0,0,0,2,0,3,0
16/08/2009 0:00,Peel Island,Peel Island North,1,0,0,0,0,0,0,0,0,0,0,0,0,1,0,0,0,0,0,0,0,0,0,0,0,1,0,0,0,0,0,0,0,1,0,0,0,0,0,1,0,0,0,0,0,0,0,0,0,0,0,0,0,0,0,0,0
28/04/2016 10:00,Peel Island,Peel Island North,1,60,30,0,0,2,0,0,0,0,0,0,0,0,0,30,25,0,0,1,0,0,0,0,0,0,0,0,0,40,10,0,0,2,0,0,0,0,0,0,0,0,0,25,10,0,0,1,0,0,0,0,0,0,0,0,0
18/11/2015 10:20,Peel Island,Peel Island North,1,33,5,1,0,3,0,0,0,0,6,0,0,0,0,31,10,4,0,0,0,0,0,0,3,0,0,0,0,43,5,4,0,2,0,0,0,0,3,0,0,0,0,58,10,1,0,0,0,0,0,0,1,0,0,0,0
8/09/2010 0:00,Peel Island,Peel Island North,1,56,0,0,0,0,0,0,0,0,1,3,0,1,0,25,1,0,0,0,0,0,0,0,1,3,0,0,0,26,1,0,0,0,0,0,0,0,3,10,0,0,2,20,3,0,0,0,0,0,0,0,0,9,0,0,1
20/01/2013 7:30,Peel Island,Peel Island North,1,65,1,0,0,0,0,0,0,0,0,0,0,0,0,53,1,0,0,0,0,0,0,0,2,0,0,0,0,10,0,0,0,0,0,0,0,0,2,0,0,0,0,0,0,0,0,0,0,0,0,0,0,0,0,0,0
2/02/2012 13:06,Peel Island,Peel Island North,1,55,2,0,0,1,0,0,0,0,3,0,0,0,0,22,5,0,0,0,0,0,0,0,1,0,0,0,0,18,1,0,0,0,0,0,0,0,3,0,0,0,0,36,3,0,0,0,3,0,0,0,2,0,1,0,0
25/11/2017 9:30,Peel Island,Peel Island North,1,30,35,0,0,1,0,0,0,0,0,0,0,1,0,36,10,0,0,0,0,0,0,2,0,0,0,0,0,9,20,0,0,0,0,0,0,0,0,0,0,0,0,46,15,0,0,0,0,0,0,0,0,0,0,0,0
23/10/2013 8:10,Peel Island,Peel Island North,1,75,3,0,0,0,0,0,0,0,1,0,0,0,0,0,0,1,0,0,0,0,0,0,0,1,0,0,0,10,0,0,0,0,0,0,0,0,2,1,0,1,0,0,0,1,0,0,0,0,0,0,2,0,0,0,0
20/11/2016 8:30,Peel Island,Peel Island North,1,0,0,0,0,0,0,0,0,0,0,0,0,0,0,0,0,0,0,1,0,0,0,0,0,1,0,0,0,0,0,0,0,0,0,0,0,0,0,0,0,1,0,80,5,0,0,2,0,0,0,0,0,2,0,0,0
6/10/2015 13:30,Peel Island,Peel Island Northeast,1,61,10,0,0,1,0,0,0,0,2,0,0,1,0,43,20,0,0,0,0,0,0,0,0,0,0,1,0,36,10,0,0,0,0,0,0,0,0,0,0,1,0,30,5,0,0,0,0,0,0,0,0,0,0,1,0
22/11/2016 9:30,Peel Island,Peel Island Northeast,1,56,5,0,0,0,0,2,0,0,0,2,0,0,0,26,5,0,0,0,0,0,0,0,3,0,0,0,0,13,5,0,0,0,0,3,0,0,2,0,0,1,0,52,7,0,0,0,0,9,0,0,0,0,0,0,0
6/06/2019 11:30,Peel Island,Peel Island Northeast,1,12,1,0,0,0,0,0,0,0,1,0,0,0,0,35,2,0,0,0,0,0,0,0,0,1,0,5,0,45,1,0,0,0,0,0,0,0,0,0,0,2,0,0,0,0,0,0,0,0,0,0,1,0,0,0,0
24/06/2014 11:30,Peel Island,Peel Island Northeast,1,28,1,0,0,3,0,0,0,1,9,0,0,2,0,0,0,0,0,0,0,0,0,0,0,0,0,0,0,0,0,0,0,0,0,0,0,1,7,0,0,2,0,0,0,0,0,0,0,0,0,1,8,0,0,0,0
15/11/2017 11:30,Peel Island,Peel Island Northeast,1,5,1,0,0,0,1,0,0,0,0,0,0,0,0,15,5,0,0,1,0,0,0,0,0,0,0,0,0,50,5,0,0,1,0,0,0,0,0,0,0,0,0,5,1,0,0,0,0,0,0,0,0,1,0,0,0
12/09/2015 11:25,Shag Rock Island,Shag Rock East,1,5,5,0,0,8,4,0,1,1,0,0,0,0,0,25,5,0,0,8,3,0,0,2,0,0,0,0,1,15,1,0,0,4,1,0,1,2,0,0,0,0,0,10,1,0,0,10,0,0,1,5,1,0,0,0,0
10/09/2017 12:30,Shag Rock Island,Shag Rock East,1,23,2,0,0,3,0,0,0,0,7,0,0,0,0,10,2,0,0,2,1,2,0,0,3,2,0,0,0,25,2,0,0,4,2,2,0,0,2,2,0,0,0,20,1,0,0,5,2,2,0,2,4,0,0,0,0
24/08/2013 12:30,Shag Rock Island,Shag Rock East,1,29,5,0,0,1,0,0,0,0,4,0,0,0,0,10,0,0,0,0,0,0,0,0,4,0,0,0,1,0,0,0,0,1,0,0,0,0,1,1,0,0,0,13,0,0,0,0,2,0,0,0,3,4,0,0,0
13/10/2012 14:45,Shag Rock Island,Shag Rock East,1,26,20,0,0,3,0,0,0,1,4,1,1,1,0,14,5,0,0,5,0,0,0,1,0,0,0,0,0,30,10,0,0,2,0,0,0,0,2,0,0,0,0,59,0,0,0,0,0,0,0,0,5,0,0,0,1
9/10/2016 9:30,Shag Rock Island,Shag Rock East,1,15,10,0,0,4,0,0,0,2,4,0,0,0,0,20,5,0,0,1,3,0,0,2,3,1,0,0,0,30,5,0,0,5,0,0,0,1,1,0,0,0,0,30,20,0,0,5,0,0,0,2,4,1,0,0,0
22/08/2010 0:00,Shag Rock Island,Shag Rock East,1,40,3,0,0,0,1,0,0,0,0,0,0,0,0,25,2,0,0,0,2,0,0,0,0,0,0,0,0,47,2,0,0,0,0,0,0,0,0,2,0,0,0,90,2,0,0,0,0,0,0,0,0,2,0,0,0
14/12/2008 0:00,Shag Rock Island,Shag Rock East,1,30,10,1,0,5,0,0,0,0,0,0,0,0,12,0,0,0,0,0,0,0,0,0,0,0,0,0,0,0,0,0,0,0,0,0,0,0,0,0,0,0,0,0,0,0,0,0,0,0,0,0,0,0,0,0,0
26/08/2018 10:00,Shag Rock Island,Shag Rock East,1,0,0,0,0,0,0,0,0,0,4,0,0,0,0,0,0,0,0,3,0,0,0,2,2,1,0,0,0,0,0,0,0,3,0,0,0,2,1,0,0,0,0,0,0,0,0,1,0,0,0,1,4,0,0,0,0
6/03/2016 13:50,Shag Rock Island,Shag Rock East,1,40,10,0,0,3,0,0,0,0,5,3,0,0,0,68,10,2,0,4,0,0,0,0,2,1,0,0,0,48,5,2,0,3,0,0,0,0,3,3,0,0,0,90,2,0,0,3,0,0,0,0,1,0,1,0,1
26/11/2011 12:30,Shag Rock Island,Shag Rock East,1,10,1,0,0,1,3,0,0,1,0,0,0,0,0,0,0,0,0,1,0,0,0,1,0,1,0,0,0,0,0,0,0,0,5,0,0,0,0,2,0,0,0,0,0,0,0,1,1,0,0,0,1,0,0,0,0
16/07/2009 0:00,Shag Rock Island,Shag Rock East,1,10,1,0,0,2,1,0,0,0,2,1,0,0,1,30,1,0,0,5,0,0,0,0,1,0,0,0,0,0,0,0,0,3,0,0,0,0,0,0,0,0,1,0,0,0,0,3,0,0,0,0,0,0,0,0,0
12/09/2015 11:25,Shag Rock Island,Shag Rock East,1,5,5,0,0,8,4,0,1,1,0,0,0,0,0,25,5,0,0,8,3,0,0,2,0,0,0,0,1,15,1,0,0,4,1,0,1,2,0,0,0,0,0,10,1,0,0,10,0,0,1,5,1,0,0,0,0
22/11/2014 15:00,Shag Rock Island,Shag Rock East,1,35,5,0,0,0,0,0,0,0,6,0,0,0,0,50,5,0,0,0,2,0,0,0,4,0,0,0,0,0,0,0,0,0,2,0,0,0,3,0,0,0,1,40,5,0,0,1,0,0,0,0,0,2,0,0,1
26/08/2018 11:45,Shag Rock Island,Shag Rock West,1,0,0,0,0,1,0,0,0,4,0,0,0,0,0,0,0,0,0,2,0,0,0,0,0,0,0,0,0,0,0,0,0,4,0,0,0,0,2,0,0,0,0,0,0,0,0,5,0,0,0,2,1,0,0,0,0
6/03/2016 10:50,Shag Rock Island,Shag Rock West,1,25,2,2,0,2,0,0,0,0,2,1,0,0,0,33,5,2,0,2,0,0,0,0,0,0,0,0,1,13,2,4,0,2,0,0,0,0,2,0,0,0,0,35,2,7,0,2,0,0,0,0,1,4,0,7,0
7/10/2010 0:00,Shag Rock Island,Shag Rock West,1,0,0,0,0,5,0,0,0,0,3,1,0,0,0,0,0,0,0,0,0,0,0,0,2,1,0,0,0,0,0,0,0,2,0,0,0,0,3,1,0,0,0,0,0,0,0,1,0,0,0,0,6,1,0,0,0
24/08/2013 14:00,Shag Rock Island,Shag Rock West,1,5,5,0,0,2,1,0,0,0,2,0,0,0,0,0,0,0,0,1,0,0,0,0,3,0,0,0,0,0,0,0,0,0,0,0,0,0,1,0,0,0,0,0,0,0,0,1,0,0,0,1,1,0,0,0,0
9/10/2016 8:00,Shag Rock Island,Shag Rock West,1,30,15,0,0,5,0,0,0,0,0,0,0,0,0,15,1,0,0,3,0,0,0,0,1,0,0,0,0,10,1,0,0,2,0,0,0,0,0,0,0,0,0,50,20,0,0,5,0,0,0,0,2,1,0,0,0
13/10/2012 13:00,Shag Rock Island,Shag Rock West,1,25,5,0,0,9,0,0,0,0,0,0,0,0,1,34,50,0,0,4,0,0,0,0,0,0,0,0,0,61,40,0,0,5,0,0,0,0,0,0,0,0,0,43,50,0,0,12,0,0,0,0,2,0,0,0,0
10/09/2017 12:30,Shag Rock Island,Shag Rock West,1,0,0,0,0,4,0,0,0,0,2,0,0,0,0,0,0,0,0,4,0,0,0,0,1,0,0,0,1,0,0,0,0,1,0,0,0,0,1,0,0,0,0,0,0,0,0,5,0,0,0,0,1,0,0,0,0
16/07/2009 0:00,Shag Rock Island,Shag Rock West,1,0,0,4,0,1,0,0,0,2,0,0,0,0,0,0,0,3,0,3,0,0,0,0,0,0,0,0,1,0,0,1,0,0,0,0,0,0,0,0,0,0,1,0,0,0,0,3,0,0,0,0,0,0,0,0,5
26/11/2011 14:15,Shag Rock Island,Shag Rock West,1,0,0,0,0,1,1,0,0,1,0,1,0,0,0,0,0,0,0,1,3,0,0,1,4,1,0,0,0,0,0,1,0,1,2,0,0,0,5,0,0,0,0,0,0,0,0,1,1,0,0,0,6,0,0,0,0
12/09/2015 8:50,Shag Rock Island,Shag Rock West,1,29,25,0,0,14,6,0,0,0,9,2,0,0,0,39,10,0,0,1,0,0,0,1,11,0,0,0,0,19,10,0,0,13,3,0,0,1,3,0,0,3,0,30,5,0,0,5,0,0,0,0,2,1,0,1,0
22/11/2014 12:55,Shag Rock Island,Shag Rock West,1,35,5,0,0,0,0,0,0,1,3,0,0,0,2,100,5,0,0,1,0,0,0,0,1,0,0,0,1,0,0,0,0,1,0,0,0,0,0,0,0,0,5,70,5,0,0,6,0,0,0,1,2,0,0,0,0
30/06/2018 8:00,St Helena,Palindrome,1,10,0,0,0,0,0,0,0,0,0,0,0,0,0,0,0,0,0,0,0,0,0,0,0,0,0,0,0,0,0,0,0,0,0,0,0,0,0,0,0,0,0,0,0,0,0,0,0,0,0,0,0,0,0,0,0
8/01/2018 12:50,St Helena,Palindrome,1,70,1,0,0,0,0,0,0,0,0,0,0,0,0,87,2,0,0,0,0,0,0,0,0,0,0,0,1,62,2,0,0,0,0,0,0,0,1,0,0,0,0,59,2,0,0,0,0,0,0,0,1,0,0,0,0
30/06/2018 9:15,St Helena,Palindrome,1,10,0,0,0,0,0,0,0,0,1,0,0,0,0,20,1,0,0,0,0,0,0,0,2,0,0,0,0,50,1,0,0,0,0,0,0,0,1,0,0,0,0,0,0,0,0,0,0,0,0,0,1,0,0,0,0
23/06/2019 12:10,St Helena,Palindrome,1,0,0,0,0,0,0,0,0,0,0,0,0,0,0,0,0,0,0,0,0,0,0,0,0,0,0,0,0,33,1,0,0,0,0,0,0,0,0,0,0,0,0,0,0,0,0,0,0,0,0,0,0,0,0,0,0
7/07/2019 11:30,St Helena,Ray of Sunshine,1,50,15,0,0,2,0,0,0,0,0,0,0,0,0,10,5,0,0,0,0,0,0,0,0,0,0,0,0,52,35,0,0,0,0,0,0,0,0,0,0,0,0,0,0,0,0,1,0,0,0,0,0,0,0,0,0
30/06/2018 11:20,St Helena,Ray of Sunshine,1,35,2,0,0,0,0,0,0,0,2,0,0,0,0,60,2,0,0,1,0,0,0,0,0,0,0,0,0,15,2,0,0,0,0,0,0,0,2,0,0,0,0,5,2,0,0,0,0,0,0,0,0,0,0,0,0
22/05/2019 9:00,St Helena,Ray of Sunshine,1,63,5,0,0,0,0,0,0,0,0,0,0,0,0,53,5,0,0,0,0,0,0,0,0,0,0,0,0,63,2,0,0,0,0,0,0,0,0,0,0,1,0,80,2,0,0,0,0,0,0,0,0,0,0,0,0
8/01/2018 12:50,St Helena,Ray of Sunshine,1,45,70,0,0,0,0,0,0,0,1,0,0,0,0,42,60,0,0,1,0,0,0,0,0,0,0,0,0,43,40,0,0,1,0,0,0,0,0,0,0,0,0,33,50,0,0,0,0,0,0,0,0,0,0,0,0
24/07/2019 14:00,Wavebreak Island,Wavebreak Island North,1,0,0,0,0,0,0,0,0,0,0,1,0,1,0,0,0,0,0,0,0,0,0,0,0,1,0,0,0,0,0,0,0,0,0,0,0,0,0,3,0,2,0,0,0,0,0,0,0,0,0,0,0,8,0,4,0
